1.1.1.1	10737	1
1.1.1.2	15938	1
1.1.1.3	15762	1
1.1.1.3	15758	1
1.1.1.4	24341	1
1.1.1.6	13770	1
1.1.1.7	21585	1
1.1.1.8	11093	1
1.1.1.9	20434	1
1.1.1.10	17026	1
1.1.1.11	17922	1
1.1.1.12	16382	1
1.1.1.13	21357	1
1.1.1.14	10161	1
1.1.1.15	12726	1
1.1.1.16	20686	1
1.1.1.17	19662	1
1.1.1.18	16950	1
1.1.1.19	14910	1
1.1.1.20	18926	1
1.1.1.21	37964	1
1.1.1.21	12786	1
1.1.1.21	12790	1
1.1.1.21	37968	1
1.1.1.22	23597	1
1.1.1.23	20642	1
1.1.1.24	22365	1
1.1.1.25	17738	1
1.1.1.26	18230	1
1.1.1.27	23445	1
1.1.1.28	16370	1
1.1.1.29	17906	1
1.1.1.30	20522	1
1.1.1.31	17682	1
1.1.1.32	13222	1
1.1.1.33	20194	1
1.1.1.34	15990	1
1.1.1.35	22433	1
1.1.1.36	22257	1
1.1.1.37	21433	1
1.1.1.38	15642	1
1.1.1.38	12654	1
1.1.1.39	12654	1
1.1.1.40	15642	1
1.1.1.40	18254	1
1.1.1.41	23633	1
1.1.1.42	25589	1
1.1.1.42	19382	1
1.1.1.42	19630	1
1.1.1.43	16822	1
1.1.1.43	16818	1
1.1.1.44	10117	1
1.1.1.45	12890	1
1.1.1.46	17926	1
1.1.1.47	14294	1
1.1.1.47	14406	1
1.1.1.48	21297	1
1.1.1.49	15842	1
1.1.1.51	14982	1
1.1.1.51	14930	1
1.1.1.52	19586	1
1.1.1.53	22401	1
1.1.1.54	12169	1
1.1.1.55	15886	1
1.1.1.56	20054	1
1.1.1.57	15730	1
1.1.1.58	17814	1
1.1.1.59	13358	1
1.1.1.60	18846	1
1.1.1.60	18842	1
1.1.1.61	23949	1
1.1.1.62	24617	1
1.1.1.62	24613	1
1.1.1.64	14982	1
1.1.1.65	16130	1
1.1.1.66	20881	1
1.1.1.67	12085	1
1.1.1.69	23937	1
1.1.1.69	23941	1
1.1.1.71	10737	1
1.1.1.71	15938	1
1.1.1.72	23593	1
1.1.1.73	24621	1
1.1.1.75	16518	1
1.1.1.76	12185	1
1.1.1.77	23873	1
1.1.1.77	15934	1
1.1.1.78	24529	1
1.1.1.79	10993	1
1.1.1.80	21793	1
1.1.1.81	17906	1
1.1.1.81	18658	1
1.1.1.82	10825	1
1.1.1.83	18366	1
1.1.1.84	13322	1
1.1.1.85	32272	1
1.1.1.85	10893	1
1.1.1.85	25079	1
1.1.1.86	22069	1
1.1.1.86	13494	1
1.1.1.87	11901	1
1.1.1.88	14834	1
1.1.1.92	13154	1
1.1.1.92	13158	1
1.1.1.93	15210	1
1.1.1.93	16458	1
1.1.1.93	18854	1
1.1.1.94	11097	1
1.1.1.94	11093	1
1.1.1.95	12642	1
1.1.1.95	13450	1
1.1.1.96	20294	1
1.1.1.97	22341	1
1.1.1.98	15950	1
1.1.1.99	11385	1
1.1.1.101	17342	1
1.1.1.102	22641	1
1.1.1.103	33240	1
1.1.1.103	25654	1
1.1.1.103	13162	1
1.1.1.104	13602	1
1.1.1.106	23001	1
1.1.1.107	21337	1
1.1.1.108	19266	1
1.1.1.110	20134	1
1.1.1.111	12037	1
1.1.1.111	12041	1
1.1.1.112	16318	1
1.1.1.112	16322	1
1.1.1.113	15790	1
1.1.1.114	15302	1
1.1.1.115	11677	1
1.1.1.116	20458	1
1.1.1.117	21893	1
1.1.1.117	20458	1
1.1.1.118	14294	1
1.1.1.119	14406	1
1.1.1.120	18626	1
1.1.1.121	15918	1
1.1.1.123	15002	1
1.1.1.124	14070	1
1.1.1.125	12161	1
1.1.1.126	15110	1
1.1.1.127	24233	1
1.1.1.129	23377	1
1.1.1.130	21929	1
1.1.1.130	21925	1
1.1.1.131	10637	1
1.1.1.131	10633	1
1.1.1.132	21729	1
1.1.1.133	21797	1
1.1.1.134	23649	1
1.1.1.135	10729	1
1.1.1.135	10725	1
1.1.1.136	13326	1
1.1.1.137	19922	1
1.1.1.137	19926	1
1.1.1.138	16766	1
1.1.1.140	19838	1
1.1.1.141	11877	1
1.1.1.142	20438	1
1.1.1.143	11301	1
1.1.1.144	10665	1
1.1.1.148	16702	1
1.1.1.148	16706	1
1.1.1.149	15854	1
1.1.1.149	15858	1
1.1.1.150	11449	1
1.1.1.151	23713	1
1.1.1.152	10357	1
1.1.1.153	18954	1
1.1.1.153	32628	1
1.1.1.154	15334	1
1.1.1.154	15330	1
1.1.1.156	12754	1
1.1.1.157	16198	1
1.1.1.159	19410	1
1.1.1.160	15926	1
1.1.1.162	18006	1
1.1.1.163	11729	1
1.1.1.164	22057	1
1.1.1.165	19102	1
1.1.1.166	10517	1
1.1.1.167	11285	1
1.1.1.168	18982	1
1.1.1.169	16234	1
1.1.1.172	14794	1
1.1.1.173	12650	1
1.1.1.174	18142	1
1.1.1.175	13862	1
1.1.1.176	14130	1
1.1.1.177	19774	1
1.1.1.178	13282	1
1.1.1.179	22001	1
1.1.1.181	11897	1
1.1.1.183	14522	1
1.1.1.184	19258	1
1.1.1.185	10329	1
1.1.1.185	10325	1
1.1.1.186	12397	1
1.1.1.187	10729	1
1.1.1.187	13826	1
1.1.1.187	13830	1
1.1.1.187	10725	1
1.1.1.188	10141	1
1.1.1.189	24509	1
1.1.1.190	14874	1
1.1.1.191	17038	1
1.1.1.192	17978	1
1.1.1.193	17846	1
1.1.1.194	22445	1
1.1.1.195	10393	1
1.1.1.196	20745	1
1.1.1.197	11637	1
1.1.1.198	17330	1
1.1.1.199	21877	1
1.1.1.200	20038	1
1.1.1.202	23189	1
1.1.1.203	22405	1
1.1.1.205	11709	1
1.1.1.206	18358	1
1.1.1.207	13918	1
1.1.1.208	23813	1
1.1.1.209	20382	1
1.1.1.209	20378	1
1.1.1.210	16298	1
1.1.1.214	18982	1
1.1.1.215	16654	1
1.1.1.216	14698	1
1.1.1.217	16406	1
1.1.1.218	14322	1
1.1.1.218	14318	1
1.1.1.219	23017	1
1.1.1.220	11773	1
1.1.1.221	22805	1
1.1.1.222	10777	1
1.1.1.222	10781	1
1.1.1.223	20861	1
1.1.1.224	14926	1
1.1.1.225	14402	1
1.1.1.226	17430	1
1.1.1.227	22129	1
1.1.1.228	18330	1
1.1.1.229	21009	1
1.1.1.230	20817	1
1.1.1.231	21421	1
1.1.1.232	23265	1
1.1.1.232	23261	1
1.1.1.233	11541	1
1.1.1.234	11229	1
1.1.1.235	23169	1
1.1.1.236	24245	1
1.1.1.237	23365	1
1.1.1.238	21425	1
1.1.1.239	14930	1
1.1.1.240	23145	1
1.1.1.241	11737	1
1.1.1.243	13630	1
1.1.1.244	19402	1
1.1.1.245	10045	1
1.1.1.247	19210	1
1.1.1.248	10109	1
1.1.1.250	17390	1
1.1.1.251	15138	1
1.1.1.252	21909	1
1.1.1.254	11557	1
1.1.1.255	15030	1
1.1.1.256	12213	1
1.1.1.256	12217	1
1.1.1.257	24413	1
1.1.1.258	14226	1
1.1.1.259	11169	1
1.1.1.260	24485	1
1.1.1.261	21417	1
1.1.1.261	21413	1
1.1.1.262	25140	1
1.1.1.262	14454	1
1.1.1.262	32276	1
1.1.1.263	20666	1
1.1.1.264	21177	1
1.1.1.264	21173	1
1.1.1.265	18530	1
1.1.1.265	18526	1
1.1.1.266	36584	1
1.1.1.266	36580	1
1.1.1.267	13718	1
1.1.1.268	13250	1
1.1.1.269	21053	1
1.1.1.270	18410	1
1.1.1.271	18886	1
1.1.1.272	35736	1
1.1.1.273	20030	1
1.1.1.274	23829	1
1.1.1.275	14826	1
1.1.1.276	21597	1
1.1.1.277	22945	1
1.1.1.278	18138	1
1.1.1.279	24353	1
1.1.1.280	18270	1
1.1.1.281	13826	1
1.1.1.281	13830	1
1.1.1.282	17742	1
1.1.1.282	18426	1
1.1.1.282	22365	1
1.1.1.282	17738	1
1.1.1.283	21749	1
1.1.1.284	19986	1
1.1.1.284	19982	1
1.1.1.285	16138	1
1.1.1.285	16142	1
1.1.1.286	11901	1
1.1.1.286	23633	1
1.1.1.287	11869	1
1.1.1.287	21277	1
1.1.1.288	12549	1
1.1.1.289	14610	1
1.1.1.290	18830	1
1.1.1.291	15506	1
1.1.1.292	24209	1
1.1.1.294	24773	1
1.1.1.294	24769	1
1.1.1.295	25368	1
1.1.1.295	25364	1
1.1.1.296	32388	1
1.1.1.296	32392	1
1.1.1.296	32396	1
1.1.1.296	32400	1
1.1.1.296	32420	1
1.1.1.296	32408	1
1.1.1.296	32412	1
1.1.1.296	32416	1
1.1.1.296	32404	1
1.1.1.297	32384	1
1.1.1.297	32380	1
1.1.1.298	26439	1
1.1.1.299	21433	1
1.1.1.299	10825	1
1.1.1.300	25034	1
1.1.1.301	26370	1
1.1.1.301	26003	1
1.1.1.302	27275	1
1.1.1.302	27279	1
1.1.1.303	22901	1
1.1.1.304	27287	1
1.1.1.305	24703	1
1.1.1.306	28503	1
1.1.1.306	28499	1
1.1.1.307	27442	1
1.1.1.307	27446	1
1.1.1.308	28075	1
1.1.1.309	28079	1
1.1.1.310	28195	1
1.1.1.311	28199	1
1.1.1.312	29588	1
1.1.1.313	29592	1
1.1.1.314	30160	1
1.1.1.314	30164	1
1.1.1.314	30668	1
1.1.1.316	31560	1
1.1.1.317	31676	1
1.1.1.318	32656	1
1.1.1.318	24691	1
1.1.1.319	36244	1
1.1.1.319	24696	0
1.1.1.320	31892	1
1.1.1.320	25969	1
1.1.1.321	25965	1
1.1.1.322	32332	1
1.1.1.322	32336	1
1.1.1.323	32340	1
1.1.1.323	32344	1
1.1.1.324	32660	1
1.1.1.324	32604	1
1.1.1.324	32608	1
1.1.1.324	32612	1
1.1.1.324	32616	1
1.1.1.325	32620	1
1.1.1.325	32624	1
1.1.1.326	32328	1
1.1.1.327	32880	1
1.1.1.328	34024	1
1.1.1.328	34028	1
1.1.1.329	33880	1
1.1.1.329	33884	1
1.1.1.331	33888	1
1.1.1.332	33892	1
1.1.1.333	33896	1
1.1.1.334	34212	1
1.1.1.335	33580	1
1.1.1.336	25781	1
1.1.1.337	34556	1
1.1.1.338	15538	1
1.1.1.339	34448	1
1.1.1.340	34560	1
1.1.1.341	34564	1
1.1.1.342	34568	1
1.1.1.343	33024	1
1.1.1.344	34448	1
1.1.1.344	23649	1
1.1.1.345	35644	1
1.1.1.346	35112	1
1.1.1.347	34348	1
1.1.1.348	35404	1
1.1.1.349	35448	1
1.1.1.350	15330	1
1.1.1.351	33024	1
1.1.1.351	10117	1
1.1.1.352	35476	1
1.1.1.352	35480	1
1.1.1.353	35692	1
1.1.1.353	35696	1
1.1.1.353	35700	1
1.1.1.354	37168	1
1.1.1.355	35836	1
1.1.1.356	36564	1
1.1.1.356	36568	1
1.1.1.358	18982	1
1.1.1.359	15918	1
1.1.1.360	14406	1
1.1.1.360	18626	1
1.1.1.361	37548	1
1.1.1.362	37412	1
1.1.1.363	38216	1
1.1.1.363	15842	1
1.1.1.364	36680	1
1.1.1.364	39884	1
1.1.1.365	26346	1
1.1.1.366	21173	1
1.1.1.367	30836	1
1.1.1.367	40160	1
1.1.1.368	18266	1
1.1.1.369	25833	1
1.1.1.370	17614	1
1.1.1.371	39064	1
1.1.3.3	10513	1
1.1.3.4	11429	1
1.1.3.5	11429	1
1.1.3.6	32184	1
1.1.3.8	15270	1
1.1.3.8	12353	1
1.1.3.8	32364	1
1.1.3.9	24161	1
1.1.3.10	10553	1
1.1.3.11	17854	1
1.1.3.12	15034	1
1.1.3.13	19830	1
1.1.3.14	12810	1
1.1.3.15	25312	1
1.1.3.15	16790	1
1.1.3.16	11797	1
1.1.3.17	13506	1
1.1.3.17	11537	1
1.1.3.17	20370	1
1.1.3.18	23181	1
1.1.3.19	15834	1
1.1.3.21	18370	1
1.1.3.23	21281	1
1.1.3.27	21681	1
1.1.3.28	28652	1
1.1.3.28	19958	1
1.1.3.28	23037	1
1.1.3.29	13030	1
1.1.3.37	23757	1
1.1.3.38	10037	1
1.1.3.39	22541	1
1.1.3.39	18186	1
1.1.3.39	15490	1
1.1.3.40	18514	1
1.1.3.41	25909	1
1.1.3.41	22309	1
1.1.3.42	31680	1
1.1.3.43	34036	1
1.1.3.44	34048	1
1.1.3.45	37424	1
1.1.4.1	13818	1
1.1.4.2	21561	1
1.1.5.2	22153	1
1.1.5.3	18978	1
1.1.5.4	30096	1
1.1.5.5	26443	1
1.1.5.6	29064	1
1.1.5.6	29068	1
1.1.5.6	29072	1
1.1.5.8	23673	1
1.1.98.2	27295	1
1.1.98.3	33900	1
1.1.99.1	17434	1
1.1.99.2	21253	1
1.1.99.3	12770	1
1.1.99.4	12369	1
1.1.99.6	15090	1
1.1.99.7	10985	1
1.1.99.9	14498	1
1.1.99.11	22305	1
1.1.99.12	14714	1
1.1.99.13	16590	1
1.1.99.14	21265	1
1.1.99.18	23485	1
1.1.99.20	14686	1
1.1.99.21	21321	1
1.1.99.22	17494	1
1.1.99.24	23049	1
1.1.99.24	24735	1
1.1.99.26	15906	1
1.1.99.27	21005	1
1.1.99.28	20638	1
1.1.99.30	23665	1
1.1.99.31	15750	1
1.1.99.32	24879	1
1.1.99.33	27291	1
1.1.99.35	24541	1
1.1.99.36	33568	1
1.1.99.37	33572	1
1.1.99.38	34276	1
1.1.99.39	38296	1
1.2.1.2	15986	1
1.2.1.3	16186	1
1.2.1.4	11889	1
1.2.1.5	16186	1
1.2.1.5	11889	1
1.2.1.7	21661	1
1.2.1.8	15306	1
1.2.1.9	14670	1
1.2.1.10	23289	1
1.2.1.11	24285	1
1.2.1.12	10301	1
1.2.1.13	10297	1
1.2.1.15	20046	1
1.2.1.15	20042	1
1.2.1.16	13214	1
1.2.1.16	13218	1
1.2.1.17	21025	1
1.2.1.18	22989	1
1.2.1.18	22993	1
1.2.1.19	19106	1
1.2.1.20	12065	1
1.2.1.21	20002	1
1.2.1.22	14278	1
1.2.1.23	22277	1
1.2.1.24	13218	1
1.2.1.25	13998	1
1.2.1.25	25178	1
1.2.1.26	11297	1
1.2.1.27	20805	1
1.2.1.28	11841	1
1.2.1.31	12309	1
1.2.1.31	12305	1
1.2.1.32	14470	1
1.2.1.33	19350	1
1.2.1.36	16178	1
1.2.1.38	21589	1
1.2.1.39	21393	1
1.2.1.41	19542	1
1.2.1.42	19706	1
1.2.1.43	12001	1
1.2.1.44	10621	1
1.2.1.46	16426	1
1.2.1.47	17986	1
1.2.1.49	18130	1
1.2.1.51	17426	1
1.2.1.52	21401	1
1.2.1.53	17274	1
1.2.1.54	14382	1
1.2.1.57	22973	1
1.2.1.57	22969	1
1.2.1.58	10373	1
1.2.1.59	10301	1
1.2.1.59	10297	1
1.2.1.60	15682	1
1.2.1.61	22421	1
1.2.1.62	18834	1
1.2.1.63	13398	1
1.2.1.64	20306	1
1.2.1.65	18538	1
1.2.1.67	13310	1
1.2.1.68	23965	1
1.2.1.68	23969	1
1.2.1.69	16678	1
1.2.1.70	12345	1
1.2.1.71	10813	1
1.2.1.72	12057	1
1.2.1.73	25638	1
1.2.1.74	26226	1
1.2.1.75	26447	1
1.2.1.76	26451	1
1.2.1.77	25392	1
1.2.1.78	27299	1
1.2.1.79	13214	1
1.2.1.81	29596	1
1.2.1.82	31516	1
1.2.1.83	34216	1
1.2.1.85	34220	1
1.2.1.86	34352	1
1.2.1.87	36028	1
1.2.1.88	16418	1
1.2.1.88	24891	1
1.2.1.88	24940	1
1.2.1.88	30236	1
1.2.1.88	24883	1
1.2.1.88	24944	1
1.2.1.88	24887	1
1.2.1.89	40164	1
1.2.3.1	16830	1
1.2.3.3	20849	1
1.2.3.4	21881	0
1.2.3.5	14838	1
1.2.3.6	21913	1
1.2.3.7	16278	1
1.2.3.8	23725	1
1.2.3.13	17198	1
1.2.3.14	20530	1
1.2.5.1	27406	1
1.2.99.2	17830	1
1.2.99.3	13882	1
1.2.99.4	19222	1
1.2.99.5	19842	1
1.2.99.6	13882	1
1.2.99.7	13882	1
1.2.99.8	36048	1
1.3.1.1	28792	1
1.3.1.1	20190	1
1.3.1.2	18094	1
1.3.1.3	14038	1
1.3.1.3	11525	1
1.3.1.5	20650	1
1.3.1.5	20654	1
1.3.1.6	18282	1
1.3.1.7	18554	1
1.3.1.11	21445	1
1.3.1.12	13870	1
1.3.1.13	21641	1
1.3.1.14	13514	1
1.3.1.15	14862	1
1.3.1.16	23893	1
1.3.1.17	20258	1
1.3.1.18	22249	1
1.3.1.19	15458	1
1.3.1.19	25194	1
1.3.1.20	16730	1
1.3.1.21	23985	1
1.3.1.24	15798	1
1.3.1.24	15794	1
1.3.1.25	11561	1
1.3.1.27	12445	1
1.3.1.28	23825	1
1.3.1.29	11833	1
1.3.1.31	10201	1
1.3.1.32	16982	1
1.3.1.32	16986	1
1.3.1.33	11133	1
1.3.1.35	12565	1
1.3.1.36	11377	1
1.3.1.40	24269	1
1.3.1.41	13418	1
1.3.1.42	21889	1
1.3.1.43	12257	1
1.3.1.45	22561	1
1.3.1.46	12818	1
1.3.1.47	23617	1
1.3.1.47	23613	1
1.3.1.48	11917	1
1.3.1.48	11913	1
1.3.1.49	16254	1
1.3.1.51	17146	1
1.3.1.53	10745	1
1.3.1.54	23409	1
1.3.1.56	17034	1
1.3.1.57	10081	1
1.3.1.58	23773	1
1.3.1.60	24189	1
1.3.1.62	19666	1
1.3.1.63	23077	1
1.3.1.64	13838	1
1.3.1.65	24557	1
1.3.1.66	18102	1
1.3.1.67	24225	1
1.3.1.67	24229	1
1.3.1.68	15658	1
1.3.1.69	12758	1
1.3.1.70	18562	1
1.3.1.71	18502	1
1.3.1.72	13686	1
1.3.1.73	12321	1
1.3.1.75	14450	1
1.3.1.76	15614	1
1.3.1.78	15418	1
1.3.1.79	12257	1
1.3.1.79	15418	1
1.3.1.80	24753	1
1.3.1.81	25642	1
1.3.1.81	25646	1
1.3.1.82	25651	0
1.3.1.83	26230	1
1.3.1.84	26456	0
1.3.1.85	28083	1
1.3.1.86	27907	1
1.3.1.87	25063	1
1.3.1.87	25067	1
1.3.1.92	32884	1
1.3.1.93	33764	1
1.3.1.94	34280	1
1.3.1.95	34472	1
1.3.1.96	22233	1
1.3.1.97	34572	1
1.3.1.98	12249	1
1.3.1.99	35396	1
1.3.1.99	35492	1
1.3.1.100	35948	1
1.3.1.101	36040	1
1.3.1.101	36036	1
1.3.1.102	36732	1
1.3.1.103	36592	1
1.3.1.105	39112	1
1.3.1.105	39116	1
1.3.1.106	15626	1
1.3.3.3	18258	1
1.3.3.4	25577	1
1.3.3.5	20981	1
1.3.3.6	38960	1
1.3.3.7	12385	1
1.3.3.8	13490	1
1.3.3.9	20586	1
1.3.3.10	19902	1
1.3.3.11	10693	1
1.3.3.12	20618	1
1.3.3.13	35536	1
1.3.3.13	35540	1
1.3.3.13	35532	1
1.3.3.14	37792	1
1.3.5.1	13714	1
1.3.5.2	28688	1
1.3.5.2	28692	1
1.3.5.3	27410	1
1.3.5.4	27835	1
1.3.5.5	30288	1
1.3.5.5	30196	1
1.3.5.5	30176	1
1.3.5.5	30192	1
1.3.7.8	30724	1
1.3.8.1	24005	1
1.3.8.2	31396	1
1.3.8.2	31404	1
1.3.8.2	31392	1
1.3.8.2	31400	1
1.3.8.2	31408	1
1.3.8.4	12277	1
1.3.8.4	31064	1
1.3.8.6	13390	1
1.3.8.6	23973	1
1.3.8.6	20589	0
1.3.8.11	38936	1
1.3.98.1	30060	1
1.3.98.2	40236	1
1.3.99.8	21481	1
1.3.99.12	13262	1
1.3.99.14	21781	1
1.3.99.16	11589	1
1.3.99.17	25929	1
1.3.99.17	25917	1
1.3.99.17	25925	1
1.3.99.17	25933	1
1.3.99.17	25913	1
1.3.99.17	25941	1
1.3.99.17	25921	1
1.3.99.17	25937	1
1.3.99.17	17750	1
1.3.99.18	16698	1
1.3.99.19	14950	1
1.3.99.22	15426	1
1.3.99.23	19194	1
1.3.99.24	25372	1
1.3.99.25	32424	1
1.3.99.25	32428	1
1.3.99.26	30624	1
1.3.99.26	30620	1
1.3.99.26	30612	1
1.3.99.27	30920	1
1.3.99.28	30600	1
1.3.99.28	30612	1
1.3.99.28	30608	1
1.3.99.28	30604	1
1.3.99.29	30616	1
1.3.99.29	30608	1
1.3.99.29	30604	1
1.3.99.30	30612	1
1.3.99.30	30624	1
1.3.99.30	30604	1
1.3.99.30	30976	1
1.3.99.30	30980	1
1.3.99.30	30608	1
1.3.99.31	30612	1
1.3.99.31	30624	1
1.3.99.31	30604	1
1.3.99.31	15586	1
1.3.99.31	30608	1
1.3.99.32	20590	1
1.3.99.33	36060	1
1.3.99.34	36160	1
1.3.99.35	37052	1
1.4.1.1	18406	1
1.4.1.2	15134	1
1.4.1.3	15134	1
1.4.1.3	11613	1
1.4.1.4	11613	1
1.4.1.5	10397	1
1.4.1.7	20885	1
1.4.1.8	11157	1
1.4.1.9	12221	1
1.4.1.10	15722	1
1.4.1.11	19634	1
1.4.1.12	24197	1
1.4.1.12	24193	1
1.4.1.13	15502	1
1.4.1.13	11613	1
1.4.1.13	15890	1
1.4.1.14	13754	1
1.4.1.15	18506	1
1.4.1.16	13562	1
1.4.1.17	21769	1
1.4.1.18	12409	1
1.4.1.18	25118	1
1.4.1.18	25122	1
1.4.1.19	13474	1
1.4.1.19	13478	1
1.4.1.20	21409	1
1.4.1.21	11789	1
1.4.1.21	11785	1
1.4.1.23	30764	1
1.4.1.24	25957	1
1.4.3.1	12513	1
1.4.3.2	13782	1
1.4.3.3	21817	1
1.4.3.4	26415	1
1.4.3.5	15150	1
1.4.3.5	15818	1
1.4.3.7	10029	1
1.4.3.8	18582	1
1.4.3.10	18274	1
1.4.3.10	22589	1
1.4.3.10	33248	1
1.4.3.11	20729	1
1.4.3.12	18434	1
1.4.3.14	14438	1
1.4.3.15	10029	1
1.4.3.15	19026	1
1.4.3.16	25877	1
1.4.3.19	22689	1
1.4.3.19	33348	1
1.4.3.19	11533	1
1.4.3.19	33344	1
1.4.3.19	12473	1
1.4.3.19	15166	1
1.4.3.20	22549	1
1.4.3.21	16154	1
1.4.3.21	25266	1
1.4.3.22	25626	1
1.4.3.23	27303	1
1.4.3.24	33904	1
1.4.7.1	15890	1
1.4.99.1	18126	1
1.4.99.2	18710	1
1.4.99.5	15822	1
1.5.1.1	20318	1
1.5.1.1	20322	1
1.5.1.2	14106	1
1.5.1.2	14110	1
1.5.1.3	15010	1
1.5.1.5	22813	1
1.5.1.6	10181	1
1.5.1.7	12441	1
1.5.1.8	19374	1
1.5.1.9	24521	1
1.5.1.10	10021	1
1.5.1.11	16286	1
1.5.1.15	22893	1
1.5.1.16	17626	1
1.5.1.17	17590	1
1.5.1.18	16290	1
1.5.1.19	19638	1
1.5.1.20	19818	1
1.5.1.20	19822	1
1.5.1.21	12525	1
1.5.1.22	14062	1
1.5.1.23	12581	1
1.5.1.24	18662	1
1.5.1.25	12501	1
1.5.1.25	12505	1
1.5.1.26	21685	1
1.5.1.27	17570	1
1.5.1.28	21593	1
1.5.1.30	19378	1
1.5.1.31	21269	1
1.5.1.32	16410	1
1.5.1.33	19510	1
1.5.1.34	17866	1
1.5.1.34	17870	1
1.5.1.37	30148	1
1.5.1.38	21625	1
1.5.1.39	21621	1
1.5.1.39	21625	1
1.5.1.40	31364	1
1.5.1.41	31456	1
1.5.1.41	19378	1
1.5.1.42	21621	1
1.5.1.43	34116	1
1.5.1.43	34112	1
1.5.1.44	34056	1
1.5.1.45	30148	1
1.5.1.45	30152	1
1.5.1.46	34060	1
1.5.1.47	35824	1
1.5.1.47	35820	1
1.5.3.1	13314	1
1.5.3.4	23201	1
1.5.3.5	11881	1
1.5.3.6	10013	1
1.5.3.7	11993	1
1.5.3.10	17078	1
1.5.3.12	18574	1
1.5.3.12	11289	1
1.5.3.12	16622	1
1.5.3.13	25813	1
1.5.3.13	25869	1
1.5.3.13	25801	1
1.5.3.13	25805	1
1.5.3.13	25809	1
1.5.3.14	25821	1
1.5.3.14	25825	1
1.5.3.15	25973	1
1.5.3.15	25865	1
1.5.3.16	25805	1
1.5.3.17	25801	1
1.5.3.17	25809	1
1.5.3.17	25813	1
1.5.3.17	25805	1
1.5.3.18	28211	1
1.5.3.19	33908	1
1.5.3.20	33912	1
1.5.3.21	33916	1
1.5.3.22	39712	1
1.5.5.2	23785	1
1.5.8.3	19794	1
1.5.8.4	22497	1
1.5.98.1	16722	1
1.5.98.2	21145	1
1.5.99.3	19778	1
1.5.99.4	14770	1
1.5.99.5	22573	1
1.5.99.6	22589	1
1.5.99.6	33288	1
1.5.99.6	14274	1
1.5.99.12	13626	1
1.5.99.13	27307	1
1.5.99.14	34224	1
1.6.1.1	11693	1
1.6.1.2	11693	1
1.6.1.3	11693	1
1.6.3.1	11261	1
1.6.3.1	11265	1
1.6.3.2	37796	1
1.6.3.2	37800	1
1.6.3.3	11265	1
1.6.3.4	37800	1
1.6.3.5	40396	1
1.6.3.5	40400	1
1.6.5.3	29092	1
1.6.5.4	14582	1
1.6.5.6	23489	1
1.6.5.7	12429	1
1.6.5.9	23153	1
1.6.5.10	13150	1
1.6.6.9	22025	1
1.6.99.1	13150	1
1.6.99.3	11357	1
1.6.99.5	11357	1
1.7.1.1	17914	1
1.7.1.2	17914	1
1.7.1.2	19062	1
1.7.1.3	19062	1
1.7.1.4	24629	1
1.7.1.4	24633	1
1.7.1.5	19338	1
1.7.1.6	16270	1
1.7.1.7	17186	1
1.7.1.9	22481	1
1.7.1.9	22477	1
1.7.1.10	20582	1
1.7.1.11	19790	1
1.7.1.12	13110	1
1.7.1.12	13114	1
1.7.1.13	13410	1
1.7.1.14	29612	1
1.7.1.14	29608	1
1.7.1.15	24629	1
1.7.3.2	16942	1
1.7.3.3	21369	1
1.7.3.5	22373	1
1.7.5.2	30216	1
1.7.6.1	31368	1
1.7.99.1	22053	1
1.7.99.4	21069	1
1.7.99.8	23233	1
1.8.1.2	13802	1
1.8.1.3	17386	1
1.8.1.4	15046	1
1.8.1.5	16978	1
1.8.1.6	20598	1
1.8.1.7	11741	1
1.8.1.8	18754	1
1.8.1.8	18750	1
1.8.1.9	20346	1
1.8.1.10	14618	1
1.8.1.11	14882	1
1.8.1.12	16758	1
1.8.1.13	11981	1
1.8.1.14	14706	1
1.8.1.15	12686	1
1.8.1.15	12690	1
1.8.1.16	27434	1
1.8.1.17	30220	1
1.8.1.18	36600	1
1.8.1.18	36596	1
1.8.1.19	38452	1
1.8.3.1	24601	1
1.8.3.2	17358	1
1.8.3.3	24113	1
1.8.3.4	11813	1
1.8.3.6	30232	1
1.8.4.1	11465	1
1.8.4.2	21065	1
1.8.4.3	13126	1
1.8.4.4	12614	1
1.8.4.8	11725	1
1.8.4.9	14142	1
1.8.4.10	21977	1
1.8.4.11	19995	0
1.8.4.11	14219	0
1.8.4.12	24165	1
1.8.4.13	19995	0
1.8.4.14	21261	1
1.8.5.1	24425	1
1.8.5.2	10937	1
1.8.5.3	28495	1
1.8.98.1	18086	1
1.8.99.1	10545	1
1.8.99.2	24241	1
1.8.99.3	13210	1
1.10.1.1	22185	1
1.10.3.1	21633	1
1.10.3.2	11277	1
1.10.3.3	30244	1
1.10.3.4	15786	1
1.10.3.4	19162	1
1.10.3.4	14682	1
1.10.3.5	17246	1
1.10.3.6	11293	1
1.10.3.9	30248	1
1.10.3.10	30252	1
1.10.3.11	30256	1
1.10.3.12	30260	1
1.10.3.13	36832	1
1.10.3.14	40528	1
1.10.99.3	21801	1
1.10.99.3	15354	1
1.10.99.3	32372	1
1.11.1.1	18510	1
1.11.1.2	15174	1
1.11.1.3	23961	1
1.11.1.6	20310	1
1.11.1.8	23337	1
1.11.1.9	16834	1
1.11.1.11	30264	1
1.11.1.11	30268	1
1.11.1.11	22997	1
1.11.1.13	22777	1
1.11.1.14	30272	1
1.11.1.16	23637	0
1.11.1.17	27438	1
1.11.1.20	28215	1
1.11.1.20	26374	1
1.11.1.21	20310	1
1.11.1.21	30276	1
1.11.2.2	28219	1
1.12.1.2	24637	1
1.12.1.3	18638	1
1.12.1.5	24637	1
1.12.1.5	18638	1
1.12.5.1	18642	1
1.12.98.1	23761	1
1.12.98.2	20018	1
1.12.98.3	24437	1
1.12.98.4	35592	1
1.12.99.6	12117	1
1.13.11.1	23853	1
1.13.11.2	17338	1
1.13.11.3	10085	1
1.13.11.4	18238	1
1.13.11.5	15450	1
1.13.11.6	17954	1
1.13.11.8	24045	1
1.13.11.9	27523	1
1.13.11.10	23401	1
1.13.11.11	24537	1
1.13.11.12	34496	1
1.13.11.12	22781	1
1.13.11.14	18478	1
1.13.11.15	15634	1
1.13.11.16	23841	1
1.13.11.16	25055	1
1.13.11.17	11213	1
1.13.11.18	12982	1
1.13.11.18	13062	1
1.13.11.18	28656	1
1.13.11.19	14410	1
1.13.11.20	20442	1
1.13.11.22	22217	1
1.13.11.23	19446	1
1.13.11.24	15382	1
1.13.11.25	21353	1
1.13.11.27	16190	1
1.13.11.28	15370	1
1.13.11.29	21221	1
1.13.11.30	18466	1
1.13.11.31	10429	1
1.13.11.33	16870	1
1.13.11.34	17486	1
1.13.11.34	32308	1
1.13.11.34	17962	1
1.13.11.35	19674	1
1.13.11.36	20450	1
1.13.11.37	35596	1
1.13.11.38	14750	1
1.13.11.39	14414	1
1.13.11.40	14986	1
1.13.11.41	24417	1
1.13.11.43	21341	1
1.13.11.45	18994	1
1.13.11.46	21377	1
1.13.11.47	17950	1
1.13.11.48	21573	1
1.13.11.49	21405	1
1.13.11.50	12878	1
1.13.11.51	19678	1
1.13.11.51	16542	1
1.13.11.51	23329	1
1.13.11.52	24537	1
1.13.11.52	14190	1
1.13.11.53	14162	1
1.13.11.54	24505	1
1.13.11.55	13958	1
1.13.11.56	27311	1
1.13.11.57	28928	1
1.13.11.58	30292	1
1.13.11.59	31520	1
1.13.11.60	25396	1
1.13.11.61	31688	1
1.13.11.61	31692	1
1.13.11.62	31696	1
1.13.11.63	32888	1
1.13.11.64	34228	1
1.13.11.64	34232	1
1.13.11.64	34236	1
1.13.11.65	33932	1
1.13.11.66	34164	1
1.13.11.67	26024	1
1.13.11.68	34400	1
1.13.11.69	34404	1
1.13.11.70	26402	1
1.13.11.71	26390	1
1.13.11.72	34792	1
1.13.11.73	34616	1
1.13.11.74	26306	1
1.13.11.75	26386	1
1.13.11.76	37544	1
1.13.11.77	37924	1
1.13.11.77	37920	1
1.13.11.77	37908	1
1.13.12.1	10549	1
1.13.12.2	14602	1
1.13.12.3	16166	1
1.13.12.4	16514	1
1.13.12.5	14766	1
1.13.12.6	22761	1
1.13.12.7	10733	1
1.13.12.8	18058	1
1.13.12.9	10713	1
1.13.12.13	20418	1
1.13.12.15	25881	1
1.13.12.16	28768	1
1.13.12.17	27315	1
1.13.12.18	28776	1
1.13.12.19	31524	1
1.13.12.20	35192	1
1.13.12.21	37448	1
1.13.99.1	23697	1
1.13.99.3	22621	1
1.14.11.1	24029	1
1.14.11.3	21077	1
1.14.11.6	10317	1
1.14.11.8	14182	1
1.14.11.10	23317	1
1.14.11.11	12630	1
1.14.11.12	16034	1
1.14.11.13	15006	1
1.14.11.14	12798	1
1.14.11.15	10105	1
1.14.11.16	11509	1
1.14.11.17	15910	1
1.14.11.18	16066	1
1.14.11.19	10769	1
1.14.11.19	10765	1
1.14.11.20	18974	1
1.14.11.20	24866	1
1.14.11.21	19786	1
1.14.11.21	20022	1
1.14.11.21	12774	1
1.14.11.22	32756	1
1.14.11.24	12201	1
1.14.11.25	20066	1
1.14.11.25	14510	1
1.14.11.26	16806	1
1.14.11.28	20266	1
1.14.11.31	27478	1
1.14.11.32	27414	1
1.14.11.34	31536	1
1.14.11.34	31532	1
1.14.11.34	31528	1
1.14.11.35	34620	1
1.14.11.36	34584	1
1.14.11.36	34588	1
1.14.11.36	34580	1
1.14.11.37	35832	1
1.14.11.38	35976	1
1.14.11.39	25773	1
1.14.11.40	36604	1
1.14.11.41	36608	1
1.14.11.42	37900	1
1.14.11.43	37828	1
1.14.11.43	37832	1
1.14.11.44	37816	1
1.14.11.44	37824	1
1.14.12.1	11077	1
1.14.12.1	11073	1
1.14.12.3	13814	1
1.14.12.4	10865	1
1.14.12.4	10861	1
1.14.12.5	11153	1
1.14.12.7	17490	1
1.14.12.8	13938	1
1.14.12.9	14690	1
1.14.12.10	12634	1
1.14.12.11	16738	1
1.14.12.12	19174	1
1.14.12.13	21653	1
1.14.12.14	23469	1
1.14.12.15	10313	1
1.14.12.16	10977	1
1.14.12.17	19470	1
1.14.12.17	19466	1
1.14.12.18	18166	1
1.14.12.19	20358	1
1.14.12.19	25059	1
1.14.12.20	24757	1
1.14.12.21	25384	1
1.14.12.22	27839	1
1.14.12.22	27843	1
1.14.13.1	11005	1
1.14.13.2	19478	1
1.14.13.4	17670	1
1.14.13.5	19426	1
1.14.13.6	19602	1
1.14.13.7	17062	1
1.14.13.8	24469	1
1.14.13.9	20546	1
1.14.13.10	16918	1
1.14.13.11	10609	1
1.14.13.12	18034	1
1.14.13.13	20574	1
1.14.13.14	10957	1
1.14.13.15	14374	1
1.14.13.15	34632	1
1.14.13.15	34628	1
1.14.13.15	34624	1
1.14.13.16	15738	1
1.14.13.17	21813	1
1.14.13.18	15162	1
1.14.13.18	15158	1
1.14.13.19	20386	1
1.14.13.19	20390	1
1.14.13.20	20921	1
1.14.13.22	24069	1
1.14.13.23	11481	1
1.14.13.24	22693	1
1.14.13.25	13642	1
1.14.13.25	13638	1
1.14.13.26	11369	1
1.14.13.27	11053	1
1.14.13.27	11057	1
1.14.13.28	15322	1
1.14.13.29	12569	1
1.14.13.30	22177	1
1.14.13.31	19458	1
1.14.13.32	10797	1
1.14.13.33	19478	1
1.14.13.33	19474	1
1.14.13.34	24121	1
1.14.13.35	21237	1
1.14.13.36	16266	1
1.14.13.37	23685	1
1.14.13.38	11977	1
1.14.13.39	19898	1
1.14.13.39	24665	1
1.14.13.39	24661	1
1.14.13.40	15998	1
1.14.13.40	15994	1
1.14.13.41	32312	1
1.14.13.41	22465	1
1.14.13.41	23045	1
1.14.13.41	24061	1
1.14.13.43	10837	1
1.14.13.44	11997	1
1.14.13.46	11649	1
1.14.13.47	15130	1
1.14.13.48	17946	1
1.14.13.49	23433	1
1.14.13.50	18686	1
1.14.13.50	11441	1
1.14.13.51	24325	1
1.14.13.52	22961	1
1.14.13.53	12389	1
1.14.13.54	19562	1
1.14.13.54	21629	1
1.14.13.54	11701	1
1.14.13.55	22645	1
1.14.13.56	10529	1
1.14.13.57	10157	1
1.14.13.58	23217	1
1.14.13.59	23229	1
1.14.13.61	22081	1
1.14.13.62	19326	1
1.14.13.63	22205	1
1.14.13.63	22209	1
1.14.13.64	16386	1
1.14.13.64	16390	1
1.14.13.66	33284	1
1.14.13.66	25169	1
1.14.13.66	10649	1
1.14.13.67	20150	1
1.14.13.68	18402	1
1.14.13.69	11793	1
1.14.13.70	25287	1
1.14.13.70	14918	1
1.14.13.71	16650	1
1.14.13.72	19002	1
1.14.13.72	32316	1
1.14.13.72	32320	1
1.14.13.72	13230	1
1.14.13.72	18730	1
1.14.13.72	13226	1
1.14.13.72	19006	1
1.14.13.72	18734	1
1.14.13.73	14134	1
1.14.13.74	11453	1
1.14.13.75	17258	1
1.14.13.76	15242	1
1.14.13.77	18950	1
1.14.13.78	32324	1
1.14.13.78	13046	1
1.14.13.78	10929	1
1.14.13.78	21305	1
1.14.13.79	22905	1
1.14.13.79	22701	1
1.14.13.79	19242	1
1.14.13.79	33220	1
1.14.13.80	18958	1
1.14.13.81	33236	1
1.14.13.81	16754	1
1.14.13.81	20542	1
1.14.13.81	24273	1
1.14.13.82	13022	1
1.14.13.83	17294	1
1.14.13.84	22917	1
1.14.13.85	22845	1
1.14.13.85	26048	1
1.14.13.85	26052	1
1.14.13.87	15698	1
1.14.13.90	24085	1
1.14.13.90	24089	1
1.14.13.90	32444	1
1.14.13.90	32448	1
1.14.13.90	14938	1
1.14.13.90	14942	1
1.14.13.91	14238	1
1.14.13.92	10125	1
1.14.13.93	12898	1
1.14.13.94	18858	1
1.14.13.95	10505	1
1.14.13.96	15262	1
1.14.13.97	23645	1
1.14.13.97	17858	1
1.14.13.98	22717	1
1.14.13.99	16094	1
1.14.13.100	19042	1
1.14.13.100	24309	1
1.14.13.101	11421	1
1.14.13.102	19282	1
1.14.13.103	11733	1
1.14.13.104	25659	1
1.14.13.105	32600	1
1.14.13.105	32588	1
1.14.13.105	32516	1
1.14.13.105	32436	1
1.14.13.105	32432	1
1.14.13.105	32584	1
1.14.13.106	25977	1
1.14.13.106	25985	1
1.14.13.106	25981	1
1.14.13.106	25989	1
1.14.13.106	32440	1
1.14.13.107	26086	1
1.14.13.107	26094	1
1.14.13.107	26098	1
1.14.13.107	26090	1
1.14.13.108	26218	1
1.14.13.109	26222	1
1.14.13.109	31984	1
1.14.13.109	32196	1
1.14.13.110	26234	1
1.14.13.111	26078	1
1.14.13.112	27326	1
1.14.13.112	27322	1
1.14.13.113	27330	1
1.14.13.114	27334	1
1.14.13.115	27482	1
1.14.13.116	28147	1
1.14.13.117	30480	1
1.14.13.117	30484	1
1.14.13.117	30488	1
1.14.13.117	30492	1
1.14.13.117	30496	1
1.14.13.117	30500	1
1.14.13.117	28603	1
1.14.13.117	28607	1
1.14.13.118	30480	1
1.14.13.118	30484	1
1.14.13.118	30488	1
1.14.13.118	30492	1
1.14.13.118	30496	1
1.14.13.118	30500	1
1.14.13.118	28603	1
1.14.13.118	28607	1
1.14.13.119	28227	1
1.14.13.120	28231	1
1.14.13.121	32456	1
1.14.13.121	28624	1
1.14.13.121	28628	1
1.14.13.122	30360	1
1.14.13.122	22137	1
1.14.13.122	22677	1
1.14.13.123	30304	1
1.14.13.124	33264	1
1.14.13.124	25001	1
1.14.13.124	24997	1
1.14.13.124	24993	1
1.14.13.125	33280	1
1.14.13.125	25010	1
1.14.13.125	25014	1
1.14.13.125	25006	1
1.14.13.126	24985	1
1.14.13.126	24989	1
1.14.13.126	24977	1
1.14.13.126	24965	1
1.14.13.126	24969	1
1.14.13.126	24973	1
1.14.13.127	24786	1
1.14.13.127	27847	1
1.14.13.128	30308	1
1.14.13.128	30312	1
1.14.13.129	30324	1
1.14.13.129	30328	1
1.14.13.129	30332	1
1.14.13.130	30352	1
1.14.13.131	31356	1
1.14.13.132	25283	1
1.14.13.133	31700	1
1.14.13.133	31704	1
1.14.13.133	31708	1
1.14.13.134	31712	1
1.14.13.134	31716	1
1.14.13.134	31720	1
1.14.13.135	31272	1
1.14.13.135	31572	1
1.14.13.136	31724	1
1.14.13.136	35488	1
1.14.13.137	31904	1
1.14.13.137	31900	1
1.14.13.138	31920	1
1.14.13.138	31924	1
1.14.13.139	31928	1
1.14.13.139	31932	1
1.14.13.140	31936	1
1.14.13.140	31940	1
1.14.13.141	31944	1
1.14.13.142	32200	1
1.14.13.143	31948	1
1.14.13.144	31952	1
1.14.13.144	31956	1
1.14.13.144	31960	1
1.14.13.144	31964	1
1.14.13.145	31968	1
1.14.13.146	31972	1
1.14.13.147	31976	1
1.14.13.148	31980	1
1.14.13.149	32172	1
1.14.13.150	32492	1
1.14.13.151	32504	1
1.14.13.151	32636	1
1.14.13.151	32640	1
1.14.13.152	32496	1
1.14.13.153	32500	1
1.14.13.154	32632	1
1.14.13.155	32892	1
1.14.13.156	32900	1
1.14.13.157	32896	1
1.14.13.158	33012	1
1.14.13.158	33000	1
1.14.13.158	33008	1
1.14.13.158	33004	1
1.14.13.159	32904	1
1.14.13.160	33016	1
1.14.13.161	33044	1
1.14.13.162	34416	1
1.14.13.162	33924	1
1.14.13.162	10921	1
1.14.13.163	33928	1
1.14.13.165	24665	1
1.14.13.165	19898	1
1.14.13.165	24661	1
1.14.13.165	33944	1
1.14.13.165	33940	1
1.14.13.165	33936	1
1.14.13.166	34308	1
1.14.13.166	34312	1
1.14.13.167	34328	1
1.14.13.168	34332	1
1.14.13.169	33520	1
1.14.13.170	34636	1
1.14.13.171	34640	1
1.14.13.172	35308	1
1.14.13.173	35500	1
1.14.13.173	35504	1
1.14.13.173	35508	1
1.14.13.173	35512	1
1.14.13.174	35576	1
1.14.13.174	35572	1
1.14.13.175	35760	1
1.14.13.175	35764	1
1.14.13.176	35956	1
1.14.13.177	35968	1
1.14.13.178	36276	1
1.14.13.178	36280	1
1.14.13.178	36272	1
1.14.13.178	36284	1
1.14.13.178	36268	1
1.14.13.178	30316	1
1.14.13.179	30448	1
1.14.13.179	30320	1
1.14.13.179	36292	1
1.14.13.179	36288	1
1.14.13.180	37836	1
1.14.13.181	37848	1
1.14.13.181	37852	1
1.14.13.182	37872	1
1.14.13.183	38580	1
1.14.13.184	22273	1
1.14.13.185	40532	1
1.14.13.185	40544	1
1.14.13.185	40548	1
1.14.13.185	39888	1
1.14.13.185	40540	1
1.14.13.185	40536	1
1.14.13.186	24525	1
1.14.13.187	40564	1
1.14.13.187	40560	1
1.14.13.187	40568	1
1.14.13.187	40556	1
1.14.13.188	40300	1
1.14.14.7	26495	1
1.14.14.8	27547	1
1.14.14.9	30596	1
1.14.14.10	31360	1
1.14.14.11	31728	1
1.14.14.12	31732	1
1.14.14.14	38188	1
1.14.14.14	38184	1
1.14.15.6	34336	1
1.14.15.6	34340	1
1.14.15.6	34344	1
1.14.15.11	34500	1
1.14.16.1	20274	1
1.14.16.2	18202	1
1.14.16.3	21169	1
1.14.16.4	16710	1
1.14.16.6	21717	1
1.14.17.1	19118	1
1.14.17.4	23641	1
1.14.18.1	18118	1
1.14.18.1	34288	1
1.14.18.1	34284	1
1.14.19.3	22197	1
1.14.19.4	25829	1
1.14.19.7	30396	1
1.14.19.8	34576	1
1.14.20.1	20749	1
1.14.20.2	32116	1
1.14.20.3	36612	1
1.14.21.1	13774	1
1.14.21.2	20486	1
1.14.21.3	23577	1
1.14.21.4	17714	1
1.14.21.5	21457	1
1.14.21.6	18918	1
1.14.21.6	18922	1
1.14.21.7	26032	1
1.14.21.7	26036	1
1.14.21.8	28243	1
1.14.21.8	28239	1
1.14.21.9	35548	1
1.14.21.10	35964	1
1.14.99.1	23729	1
1.14.99.2	11969	1
1.14.99.3	21765	1
1.14.99.4	11985	1
1.14.99.11	19138	1
1.14.99.12	22697	1
1.14.99.14	18206	1
1.14.99.15	18614	1
1.14.99.19	22957	1
1.14.99.20	16746	1
1.14.99.21	12678	1
1.14.99.22	14022	1
1.14.99.23	14194	1
1.14.99.24	19558	1
1.14.99.26	16974	1
1.14.99.27	18746	1
1.14.99.31	20170	1
1.14.99.31	20174	1
1.14.99.32	14954	1
1.14.99.32	14958	1
1.14.99.33	23457	1
1.14.99.35	18930	1
1.14.99.36	34320	1
1.14.99.36	34316	1
1.14.99.36	32888	1
1.14.99.36	34324	1
1.14.99.37	14050	1
1.14.99.38	21105	1
1.14.99.39	27342	1
1.14.99.40	27346	1
1.14.99.42	26398	1
1.14.99.43	30992	1
1.14.99.43	30996	1
1.14.99.44	31020	1
1.14.99.46	31600	1
1.14.99.46	31588	1
1.14.99.47	34260	1
1.14.99.48	37364	1
1.14.99.48	37040	1
1.15.1.1	20697	1
1.16.1.1	23857	1
1.16.1.3	24473	1
1.16.1.4	17482	1
1.16.1.5	20753	1
1.16.1.6	16114	1
1.16.1.7	15062	1
1.16.1.9	28796	1
1.16.3.1	11149	1
1.16.5.1	30404	1
1.16.8.1	24301	1
1.17.1.1	19658	1
1.17.1.1	19654	1
1.17.1.2	24822	1
1.17.1.2	24489	1
1.17.1.2	24826	1
1.17.1.2	24493	1
1.17.1.3	10617	1
1.17.1.4	16670	1
1.17.1.4	24671	1
1.17.1.5	12237	1
1.17.1.7	31748	1
1.17.1.8	35324	1
1.17.1.8	35332	1
1.17.2.2	32644	1
1.17.3.1	12778	1
1.17.3.2	21133	1
1.17.3.3	22809	1
1.17.4.1	23253	1
1.17.4.2	12702	1
1.17.5.1	15706	1
1.17.5.2	27903	1
1.17.99.1	15142	1
1.17.99.2	17898	1
1.17.99.3	15734	1
1.17.99.4	22753	1
1.17.99.4	13470	1
1.17.99.5	16718	1
1.17.99.5	11573	1
1.20.1.1	13174	1
1.20.4.2	15970	1
1.20.99.1	18450	1
1.21.3.1	22429	1
1.21.3.2	23565	1
1.21.3.3	19886	1
1.21.3.4	24093	1
1.21.3.5	22617	1
1.21.3.6	34196	1
1.21.3.6	34200	1
1.21.3.6	34204	1
1.21.3.7	34136	1
1.21.3.8	34412	1
1.21.3.9	27394	1
1.21.4.1	12738	1
1.21.4.2	12233	1
1.21.4.3	12826	1
1.21.4.4	11849	1
1.21.99.1	14526	0
1.21.99.2	33084	1
1.22.1.1	32480	1
1.22.1.1	27458	1
1.22.1.1	27454	1
1.23.1.1	34420	1
1.23.1.2	34424	1
1.23.1.3	34428	1
1.23.1.4	34432	1
1.97.1.1	16350	1
1.97.1.8	20354	1
1.97.1.9	14031	0
1.97.1.10	19746	1
1.97.1.11	18898	1
2.1.1.1	23885	1
2.1.1.2	10657	1
2.1.1.3	22789	1
2.1.1.4	15574	1
2.1.1.5	22337	1
2.1.1.7	20242	1
2.1.1.8	19302	1
2.1.1.10	21821	1
2.1.1.10	26338	1
2.1.1.11	17810	1
2.1.1.12	13762	1
2.1.1.13	11173	1
2.1.1.14	21197	1
2.1.1.17	11165	1
2.1.1.19	13694	1
2.1.1.20	19938	1
2.1.1.21	15838	1
2.1.1.22	14206	1
2.1.1.25	14810	1
2.1.1.26	14314	1
2.1.1.27	14866	1
2.1.1.28	25270	1
2.1.1.28	12177	1
2.1.1.38	22281	1
2.1.1.39	18878	1
2.1.1.40	17566	1
2.1.1.41	21129	1
2.1.1.44	38480	1
2.1.1.44	38472	1
2.1.1.44	38476	1
2.1.1.44	11105	1
2.1.1.45	12105	1
2.1.1.47	12113	1
2.1.1.50	12509	1
2.1.1.53	15038	1
2.1.1.54	11569	1
2.1.1.64	17050	1
2.1.1.65	18522	1
2.1.1.68	20226	1
2.1.1.69	18862	1
2.1.1.69	24895	1
2.1.1.69	11809	1
2.1.1.70	21245	1
2.1.1.70	17902	1
2.1.1.71	32736	1
2.1.1.75	20430	1
2.1.1.76	17674	1
2.1.1.78	24097	1
2.1.1.82	16182	1
2.1.1.83	21833	1
2.1.1.84	18718	1
2.1.1.86	17586	1
2.1.1.87	16894	1
2.1.1.88	16594	1
2.1.1.89	22537	1
2.1.1.91	10997	1
2.1.1.94	20993	1
2.1.1.95	24013	1
2.1.1.95	37992	1
2.1.1.95	38096	1
2.1.1.95	38092	1
2.1.1.96	19614	1
2.1.1.97	17834	1
2.1.1.99	11337	1
2.1.1.101	17270	1
2.1.1.102	17574	1
2.1.1.103	20366	1
2.1.1.104	16926	1
2.1.1.105	17406	1
2.1.1.106	17322	1
2.1.1.107	19090	1
2.1.1.107	21973	1
2.1.1.107	32460	1
2.1.1.108	15202	1
2.1.1.109	11505	1
2.1.1.110	15562	1
2.1.1.110	35768	1
2.1.1.111	12181	1
2.1.1.114	14122	1
2.1.1.115	13006	1
2.1.1.116	17790	1
2.1.1.117	23809	1
2.1.1.118	15374	1
2.1.1.119	18542	1
2.1.1.120	21093	1
2.1.1.121	11893	1
2.1.1.122	12806	1
2.1.1.128	19942	1
2.1.1.128	31908	1
2.1.1.129	23249	1
2.1.1.130	16842	1
2.1.1.131	12762	1
2.1.1.132	35384	1
2.1.1.132	17478	1
2.1.1.132	35388	1
2.1.1.133	22013	1
2.1.1.137	15294	1
2.1.1.137	11685	1
2.1.1.139	11697	1
2.1.1.140	17410	1
2.1.1.141	13350	1
2.1.1.142	13138	1
2.1.1.143	21045	1
2.1.1.144	14970	1
2.1.1.145	22201	1
2.1.1.146	17082	1
2.1.1.147	14774	1
2.1.1.148	29044	1
2.1.1.150	17934	1
2.1.1.151	17998	1
2.1.1.152	18262	1
2.1.1.154	21609	1
2.1.1.155	15106	1
2.1.1.156	32464	1
2.1.1.156	15454	1
2.1.1.156	19938	1
2.1.1.157	15454	1
2.1.1.157	32468	1
2.1.1.157	10073	1
2.1.1.158	15026	1
2.1.1.159	24605	1
2.1.1.160	10281	1
2.1.1.160	20945	1
2.1.1.160	24605	1
2.1.1.161	10073	1
2.1.1.162	19938	1
2.1.1.162	32476	1
2.1.1.162	10073	1
2.1.1.162	15454	1
2.1.1.163	26467	1
2.1.1.163	30064	1
2.1.1.163	26463	1
2.1.1.164	27354	1
2.1.1.165	27362	1
2.1.1.165	27358	1
2.1.1.165	27366	1
2.1.1.169	32352	1
2.1.1.169	27498	1
2.1.1.169	27502	1
2.1.1.169	27494	1
2.1.1.175	27498	1
2.1.1.175	32348	1
2.1.1.175	27494	1
2.1.1.195	26286	1
2.1.1.196	36068	1
2.1.1.201	28287	1
2.1.1.210	30904	1
2.1.1.212	31372	1
2.1.1.222	31412	1
2.1.1.222	27771	1
2.1.1.228	36900	1
2.1.1.232	31540	1
2.1.1.234	31760	1
2.1.1.235	31672	1
2.1.1.236	31616	1
2.1.1.237	31640	1
2.1.1.238	31644	1
2.1.1.239	31624	1
2.1.1.240	32112	1
2.1.1.240	32108	1
2.1.1.240	32104	1
2.1.1.241	32100	1
2.1.1.243	32664	1
2.1.1.251	32668	1
2.1.1.254	32652	1
2.1.1.254	32648	1
2.1.1.255	32520	1
2.1.1.261	34436	1
2.1.1.262	34652	1
2.1.1.262	34644	1
2.1.1.262	34648	1
2.1.1.263	34664	1
2.1.1.263	34668	1
2.1.1.263	34672	1
2.1.1.263	34656	1
2.1.1.263	34660	1
2.1.1.265	34540	1
2.1.1.267	25630	1
2.1.1.267	25634	1
2.1.1.269	35468	1
2.1.1.270	35472	1
2.1.1.271	26278	1
2.1.1.272	36156	1
2.1.1.273	36100	1
2.1.1.274	36096	1
2.1.1.275	36116	1
2.1.1.275	36124	1
2.1.1.275	36128	1
2.1.1.275	36120	0
2.1.1.275	36108	1
2.1.1.276	36128	1
2.1.1.276	36108	1
2.1.1.276	36120	1
2.1.1.276	36116	1
2.1.1.277	36104	1
2.1.1.278	36132	1
2.1.1.279	17082	1
2.1.1.279	36248	1
2.1.1.280	26342	1
2.1.1.281	36624	1
2.1.1.282	36636	1
2.1.1.283	36644	1
2.1.1.284	36652	1
2.1.1.285	36656	1
2.1.1.288	37876	1
2.1.1.289	34592	1
2.1.1.290	36904	1
2.1.1.291	10445	1
2.1.1.291	38908	1
2.1.1.292	38312	1
2.1.1.293	37904	1
2.1.1.294	36640	1
2.1.1.295	37980	1
2.1.1.295	38000	1
2.1.1.295	38008	1
2.1.1.300	39980	1
2.1.2.1	15482	1
2.1.2.2	15054	1
2.1.2.3	22193	1
2.1.2.4	24289	1
2.1.2.5	15098	1
2.1.2.5	23241	1
2.1.2.7	10065	1
2.1.2.8	11281	1
2.1.2.10	16946	1
2.1.2.11	11825	1
2.1.2.13	24707	1
2.1.3.1	20765	1
2.1.3.2	20014	1
2.1.3.3	19514	1
2.1.3.5	22985	1
2.1.3.6	21937	1
2.1.3.8	17122	1
2.1.3.9	18610	1
2.1.3.11	25885	1
2.1.3.12	36660	1
2.1.3.13	36376	1
2.1.3.14	36384	1
2.1.3.14	36388	1
2.1.4.1	13202	1
2.1.4.2	13266	1
2.2.1.1	27627	1
2.2.1.1	10509	1
2.2.1.2	17054	1
2.2.1.3	24265	1
2.2.1.4	21505	1
2.2.1.5	14342	1
2.2.1.6	20502	1
2.2.1.6	27655	1
2.2.1.6	25250	1
2.2.1.7	12606	1
2.2.1.8	11749	1
2.2.1.9	25594	1
2.2.1.10	25953	1
2.2.1.11	31912	1
2.2.1.11	32260	1
2.3.1.1	24293	1
2.3.1.2	15814	1
2.3.1.3	21333	1
2.3.1.4	10293	1
2.3.1.6	18822	1
2.3.1.7	21137	1
2.3.1.8	19522	1
2.3.1.9	21037	1
2.3.1.10	16626	1
2.3.1.11	23281	1
2.3.1.13	19870	1
2.3.1.14	21845	1
2.3.1.15	15326	1
2.3.1.16	21565	1
2.3.1.17	14166	1
2.3.1.19	20893	1
2.3.1.20	10869	1
2.3.1.21	12662	1
2.3.1.22	16742	1
2.3.1.23	12938	1
2.3.1.24	23769	1
2.3.1.25	10345	1
2.3.1.26	17730	1
2.3.1.27	17074	1
2.3.1.28	18422	1
2.3.1.29	20737	1
2.3.1.30	24561	1
2.3.1.31	13702	1
2.3.1.32	14418	1
2.3.1.33	24597	1
2.3.1.34	10061	1
2.3.1.35	15350	1
2.3.1.36	20705	1
2.3.1.37	12922	1
2.3.1.42	17658	1
2.3.1.44	18306	1
2.3.1.45	26044	1
2.3.1.45	20809	1
2.3.1.46	22009	1
2.3.1.50	14762	1
2.3.1.51	19710	1
2.3.1.52	14234	1
2.3.1.53	17802	1
2.3.1.54	11845	1
2.3.1.56	20326	1
2.3.1.57	25182	1
2.3.1.58	13466	1
2.3.1.59	24517	1
2.3.1.60	14442	1
2.3.1.62	10333	1
2.3.1.63	23993	1
2.3.1.64	13406	1
2.3.1.65	14002	1
2.3.1.66	20090	1
2.3.1.67	18462	1
2.3.1.71	18494	1
2.3.1.72	21181	1
2.3.1.74	11129	1
2.3.1.76	11489	1
2.3.1.79	10457	1
2.3.1.80	19214	1
2.3.1.82	16450	1
2.3.1.83	19286	1
2.3.1.87	25218	1
2.3.1.87	20498	1
2.3.1.89	13086	1
2.3.1.90	11417	1
2.3.1.91	12025	1
2.3.1.92	12626	1
2.3.1.93	12361	1
2.3.1.94	23069	1
2.3.1.95	11937	1
2.3.1.98	23205	1
2.3.1.99	15022	1
2.3.1.101	18062	1
2.3.1.102	22389	1
2.3.1.103	22665	1
2.3.1.105	18558	1
2.3.1.106	10953	1
2.3.1.107	24497	1
2.3.1.109	15186	1
2.3.1.110	19686	1
2.3.1.112	23321	1
2.3.1.113	17558	1
2.3.1.114	21061	1
2.3.1.115	15582	1
2.3.1.116	20086	1
2.3.1.117	17326	1
2.3.1.119	13298	1
2.3.1.119	13294	1
2.3.1.121	16246	1
2.3.1.122	23473	1
2.3.1.125	21997	1
2.3.1.126	20757	1
2.3.1.127	16930	1
2.3.1.130	12998	1
2.3.1.131	23309	1
2.3.1.132	14262	1
2.3.1.133	12125	1
2.3.1.137	17178	1
2.3.1.138	12437	1
2.3.1.139	15218	1
2.3.1.140	22345	1
2.3.1.143	19110	1
2.3.1.144	21601	1
2.3.1.145	14562	1
2.3.1.146	12553	1
2.3.1.147	15410	1
2.3.1.148	20973	1
2.3.1.150	22857	1
2.3.1.151	19306	1
2.3.1.152	23525	1
2.3.1.153	15662	1
2.3.1.154	10409	1
2.3.1.155	18162	1
2.3.1.156	23573	1
2.3.1.157	13726	1
2.3.1.159	22225	1
2.3.1.160	24017	1
2.3.1.161	18566	1
2.3.1.162	22029	1
2.3.1.163	18838	1
2.3.1.164	20721	1
2.3.1.165	12241	1
2.3.1.166	18742	1
2.3.1.167	20138	1
2.3.1.170	10585	1
2.3.1.172	21989	1
2.3.1.173	22161	1
2.3.1.174	19482	1
2.3.1.175	23861	1
2.3.1.176	16866	1
2.3.1.177	22293	1
2.3.1.178	16902	1
2.3.1.180	12081	1
2.3.1.182	19046	1
2.3.1.183	12598	1
2.3.1.185	25517	1
2.3.1.186	25521	1
2.3.1.188	26471	1
2.3.1.189	26173	1
2.3.1.190	27370	1
2.3.1.192	27851	1
2.3.1.194	28251	1
2.3.1.195	28255	1
2.3.1.196	30412	1
2.3.1.197	32096	1
2.3.1.198	33560	1
2.3.1.199	32728	1
2.3.1.201	33588	1
2.3.1.202	34156	1
2.3.1.203	34160	1
2.3.1.205	34268	1
2.3.1.206	34120	1
2.3.1.208	34176	1
2.3.1.209	34532	1
2.3.1.210	34444	1
2.3.1.211	34804	1
2.3.1.212	34484	1
2.3.1.213	35400	1
2.3.1.214	35516	1
2.3.1.215	35412	1
2.3.1.216	34840	1
2.3.1.217	34824	1
2.3.1.218	22501	1
2.3.1.218	35116	1
2.3.1.219	35120	1
2.3.1.219	35140	1
2.3.1.220	35144	1
2.3.1.222	28047	1
2.3.1.223	34440	1
2.3.1.224	36148	1
2.3.1.224	36152	1
2.3.1.225	36684	1
2.3.1.226	36664	1
2.3.1.227	36812	1
2.3.1.228	37472	1
2.3.1.229	37492	1
2.3.1.230	38548	1
2.3.1.230	38532	1
2.3.1.231	37120	1
2.3.1.232	37660	1
2.3.2.1	35624	1
2.3.2.7	11253	1
2.3.2.10	12433	1
2.3.2.14	23557	1
2.3.3.1	16846	1
2.3.3.2	16606	1
2.3.3.3	16846	1
2.3.3.4	10365	1
2.3.3.5	23781	1
2.3.3.6	23041	1
2.3.3.7	10501	1
2.3.3.8	21161	1
2.3.3.9	18182	1
2.3.3.10	10189	1
2.3.3.11	19186	1
2.3.3.12	14458	1
2.3.3.13	21525	1
2.3.3.14	12930	1
2.3.3.15	24205	1
2.3.3.16	16846	1
2.4.1.7	24049	1
2.4.1.8	21117	1
2.4.1.14	22173	1
2.4.1.15	18890	1
2.4.1.20	19494	1
2.4.1.22	12405	1
2.4.1.23	19486	1
2.4.1.31	16618	1
2.4.1.36	14606	1
2.4.1.37	14350	1
2.4.1.38	22933	1
2.4.1.39	14154	1
2.4.1.44	29960	1
2.4.1.45	10857	1
2.4.1.46	14946	1
2.4.1.47	13094	1
2.4.1.54	28119	1
2.4.1.58	29916	1
2.4.1.58	30016	1
2.4.1.60	34184	1
2.4.1.62	16774	1
2.4.1.63	20010	1
2.4.1.64	23513	1
2.4.1.65	23629	1
2.4.1.67	20777	1
2.4.1.68	12986	1
2.4.1.69	32176	1
2.4.1.79	22253	1
2.4.1.80	12089	1
2.4.1.81	19578	1
2.4.1.82	20162	1
2.4.1.83	21185	1
2.4.1.85	12854	1
2.4.1.86	16046	1
2.4.1.87	13014	1
2.4.1.88	22165	1
2.4.1.90	17746	1
2.4.1.91	22301	1
2.4.1.92	12589	1
2.4.1.95	16886	1
2.4.1.96	20342	1
2.4.1.99	23313	1
2.4.1.101	11457	1
2.4.1.102	18706	1
2.4.1.103	20678	1
2.4.1.104	14326	1
2.4.1.105	21957	1
2.4.1.106	19530	1
2.4.1.111	23945	1
2.4.1.114	10237	1
2.4.1.116	12145	1
2.4.1.116	24862	1
2.4.1.117	15402	1
2.4.1.118	23273	1
2.4.1.120	13306	1
2.4.1.121	14922	1
2.4.1.123	12465	1
2.4.1.126	21637	1
2.4.1.127	11521	1
2.4.1.128	20454	1
2.4.1.131	29524	1
2.4.1.132	29516	1
2.4.1.136	15250	1
2.4.1.137	14286	1
2.4.1.138	13706	1
2.4.1.139	22321	1
2.4.1.143	12942	1
2.4.1.144	15510	1
2.4.1.146	12225	1
2.4.1.147	14250	1
2.4.1.148	16550	1
2.4.1.149	14390	1
2.4.1.150	17414	1
2.4.1.153	14694	1
2.4.1.155	16922	1
2.4.1.156	21149	1
2.4.1.157	17286	1
2.4.1.158	22317	1
2.4.1.159	22529	1
2.4.1.160	20178	1
2.4.1.163	23005	1
2.4.1.164	18026	1
2.4.1.165	13570	1
2.4.1.166	14126	1
2.4.1.167	10089	1
2.4.1.171	20206	1
2.4.1.172	11513	1
2.4.1.176	20026	1
2.4.1.177	13438	1
2.4.1.178	15962	1
2.4.1.179	18414	1
2.4.1.180	28367	1
2.4.1.182	22669	1
2.4.1.184	15922	1
2.4.1.187	16054	1
2.4.1.188	20953	1
2.4.1.189	10569	1
2.4.1.190	14150	1
2.4.1.191	22117	1
2.4.1.192	19330	1
2.4.1.193	14462	1
2.4.1.194	15154	1
2.4.1.195	13758	1
2.4.1.196	19438	1
2.4.1.198	14790	1
2.4.1.201	19946	1
2.4.1.202	33956	1
2.4.1.202	15542	1
2.4.1.203	23225	1
2.4.1.206	13906	1
2.4.1.209	13130	1
2.4.1.210	11257	1
2.4.1.211	20286	1
2.4.1.213	12882	1
2.4.1.214	24445	1
2.4.1.215	20682	1
2.4.1.216	20865	1
2.4.1.217	13538	1
2.4.1.218	12561	1
2.4.1.219	19386	1
2.4.1.220	12005	1
2.4.1.227	23193	1
2.4.1.228	11925	1
2.4.1.230	11177	1
2.4.1.231	16258	1
2.4.1.237	23165	1
2.4.1.238	35628	1
2.4.1.239	18894	1
2.4.1.240	23545	1
2.4.1.241	10521	1
2.4.1.244	20494	1
2.4.1.245	25409	1
2.4.1.246	26040	1
2.4.1.247	26475	1
2.4.1.249	26503	1
2.4.1.249	26499	1
2.4.1.249	32356	1
2.4.1.250	26189	1
2.4.1.251	28307	1
2.4.1.252	28311	1
2.4.1.253	28319	1
2.4.1.253	28315	1
2.4.1.253	28323	1
2.4.1.254	28259	1
2.4.1.256	29544	1
2.4.1.257	29520	1
2.4.1.258	29528	1
2.4.1.259	29532	1
2.4.1.260	29536	1
2.4.1.261	29540	1
2.4.1.262	31480	1
2.4.1.262	31484	1
2.4.1.262	31476	1
2.4.1.264	30632	1
2.4.1.265	31308	1
2.4.1.266	31320	1
2.4.1.266	31316	1
2.4.1.266	31312	1
2.4.1.267	30636	1
2.4.1.268	30924	1
2.4.1.269	30640	1
2.4.1.270	31324	1
2.4.1.271	31472	1
2.4.1.271	31464	1
2.4.1.271	31468	1
2.4.1.272	31488	1
2.4.1.273	31492	1
2.4.1.274	31496	1
2.4.1.275	31500	1
2.4.1.276	31544	1
2.4.1.277	31628	1
2.4.1.278	32092	1
2.4.1.279	32524	1
2.4.1.280	32528	1
2.4.1.281	32532	1
2.4.1.282	34208	1
2.4.1.283	33948	1
2.4.1.284	34064	1
2.4.1.285	33952	1
2.4.1.286	34292	1
2.4.1.286	34296	1
2.4.1.287	34388	1
2.4.1.287	34384	1
2.4.1.287	34380	1
2.4.1.288	34392	1
2.4.1.289	34488	1
2.4.1.290	34512	1
2.4.1.291	34544	1
2.4.1.292	34520	1
2.4.1.293	34524	1
2.4.1.294	35632	1
2.4.1.295	35416	1
2.4.1.296	35636	1
2.4.1.297	35420	1
2.4.1.298	35424	1
2.4.1.299	35428	1
2.4.1.300	35432	1
2.4.1.301	35796	1
2.4.1.301	35784	1
2.4.1.301	35788	1
2.4.1.301	35792	1
2.4.1.302	36696	1
2.4.1.303	36748	1
2.4.1.304	36752	1
2.4.1.305	36756	1
2.4.1.306	36760	1
2.4.1.307	36764	1
2.4.1.308	36772	1
2.4.1.309	36776	1
2.4.1.310	38588	1
2.4.1.311	38592	1
2.4.1.312	37664	1
2.4.1.313	37668	1
2.4.1.314	20873	1
2.4.1.316	21469	1
2.4.1.317	21469	1
2.4.1.318	14650	1
2.4.1.320	13145	0
2.4.1.321	11565	1
2.4.1.322	39892	1
2.4.1.323	39896	1
2.4.1.324	39900	1
2.4.2.1	19806	1
2.4.2.1	36432	1
2.4.2.2	16038	1
2.4.2.2	22825	1
2.4.2.2	24389	1
2.4.2.3	24389	1
2.4.2.4	16038	1
2.4.2.7	16610	1
2.4.2.8	25425	1
2.4.2.8	17974	1
2.4.2.9	13018	1
2.4.2.10	10381	1
2.4.2.12	16150	1
2.4.2.14	14906	1
2.4.2.15	13234	1
2.4.2.16	13910	1
2.4.2.17	18474	1
2.4.2.18	11769	1
2.4.2.19	12734	1
2.4.2.21	11197	1
2.4.2.22	10801	1
2.4.2.25	19154	1
2.4.2.27	24393	1
2.4.2.28	11853	1
2.4.2.28	24870	1
2.4.2.32	15362	1
2.4.2.34	19506	1
2.4.2.35	19702	1
2.4.2.38	10613	1
2.4.2.40	14722	1
2.4.2.43	27731	1
2.4.2.44	30644	1
2.4.2.45	34068	1
2.4.2.49	34044	1
2.4.2.50	35436	1
2.4.2.51	35444	1
2.4.2.52	15118	1
2.4.2.53	27723	1
2.4.2.54	35816	1
2.4.2.55	38620	1
2.4.2.56	22245	1
2.4.2.57	36988	1
2.4.2.57	36992	1
2.4.2.57	36976	1
2.4.99.1	11837	1
2.4.99.2	18022	1
2.4.99.4	21617	1
2.4.99.5	11665	1
2.4.99.6	15570	1
2.4.99.7	10477	1
2.4.99.8	19314	1
2.4.99.9	18418	1
2.4.99.10	18914	1
2.4.99.11	21553	1
2.4.99.12	28067	1
2.4.99.13	28063	1
2.4.99.14	28155	1
2.4.99.15	28159	1
2.4.99.20	38608	1
2.4.99.20	38600	1
2.4.99.20	38604	1
2.5.1.1	22409	1
2.5.1.2	17698	1
2.5.1.3	22329	1
2.5.1.4	21933	1
2.5.1.6	21081	1
2.5.1.7	18682	1
2.5.1.9	20773	1
2.5.1.10	19362	1
2.5.1.15	19950	1
2.5.1.16	12722	1
2.5.1.17	11529	0
2.5.1.17	14726	0
2.5.1.19	21257	1
2.5.1.21	22673	1
2.5.1.21	32296	1
2.5.1.21	32300	1
2.5.1.21	22229	1
2.5.1.21	22233	1
2.5.1.22	19974	1
2.5.1.23	23245	1
2.5.1.24	19582	1
2.5.1.26	36172	1
2.5.1.27	15286	1
2.5.1.28	11329	1
2.5.1.29	17654	1
2.5.1.30	27795	1
2.5.1.31	27552	1
2.5.1.32	34476	1
2.5.1.32	34480	1
2.5.1.32	22297	1
2.5.1.34	14174	1
2.5.1.35	13810	1
2.5.1.36	23185	1
2.5.1.36	19346	1
2.5.1.38	19846	1
2.5.1.39	17710	1
2.5.1.41	23405	1
2.5.1.42	18110	1
2.5.1.43	16482	1
2.5.1.44	18646	1
2.5.1.44	11237	1
2.5.1.45	11237	1
2.5.1.46	33300	1
2.5.1.46	19906	1
2.5.1.47	14830	1
2.5.1.48	20398	1
2.5.1.49	10049	1
2.5.1.50	17334	1
2.5.1.51	13118	1
2.5.1.52	12694	1
2.5.1.53	11497	1
2.5.1.54	14718	1
2.5.1.55	14054	1
2.5.1.56	19274	1
2.5.1.57	13422	1
2.5.1.61	13186	1
2.5.1.62	17318	1
2.5.1.63	16662	1
2.5.1.65	10253	1
2.5.1.66	10557	1
2.5.1.67	14010	1
2.5.1.68	23301	1
2.5.1.69	21677	1
2.5.1.70	15434	1
2.5.1.71	10853	1
2.5.1.72	25889	1
2.5.1.74	26479	1
2.5.1.74	30100	1
2.5.1.75	26483	1
2.5.1.76	26487	1
2.5.1.77	27374	1
2.5.1.78	26153	1
2.5.1.79	30516	1
2.5.1.80	30564	1
2.5.1.81	25695	1
2.5.1.82	27556	1
2.5.1.83	27560	1
2.5.1.84	27564	1
2.5.1.85	27595	1
2.5.1.86	27599	1
2.5.1.88	27619	1
2.5.1.88	27603	1
2.5.1.88	27615	1
2.5.1.89	27623	1
2.5.1.90	27799	1
2.5.1.91	27803	1
2.5.1.92	27811	1
2.5.1.93	27855	1
2.5.1.94	28111	1
2.5.1.95	31504	1
2.5.1.96	31552	1
2.5.1.96	31548	1
2.5.1.96	22673	1
2.5.1.97	31632	1
2.5.1.99	32452	1
2.5.1.99	22297	1
2.5.1.99	10917	1
2.5.1.100	34264	1
2.5.1.101	34508	1
2.5.1.102	34128	1
2.5.1.103	22673	1
2.5.1.104	36488	1
2.5.1.105	35952	1
2.5.1.106	35940	1
2.5.1.107	35980	1
2.5.1.109	35944	1
2.5.1.110	35972	1
2.5.1.111	37056	1
2.5.1.112	36332	1
2.5.1.112	36328	1
2.5.1.114	36356	1
2.5.1.115	37976	1
2.5.1.116	38004	1
2.5.1.117	37996	1
2.5.1.118	22113	1
2.5.1.119	39904	1
2.5.1.120	33076	1
2.6.1.1	21825	1
2.6.1.2	19454	1
2.6.1.3	17442	1
2.6.1.4	14090	1
2.6.1.5	15094	1
2.6.1.5	25153	1
2.6.1.6	18322	1
2.6.1.7	20965	1
2.6.1.8	16018	1
2.6.1.9	23745	1
2.6.1.11	18050	1
2.6.1.12	19954	1
2.6.1.13	25161	1
2.6.1.13	13878	1
2.6.1.15	10401	1
2.6.1.16	13238	1
2.6.1.17	11961	1
2.6.1.18	14078	1
2.6.1.19	23353	1
2.6.1.21	15870	1
2.6.1.22	13994	1
2.6.1.23	10481	1
2.6.1.24	19782	1
2.6.1.26	19134	1
2.6.1.27	14094	1
2.6.1.28	13742	1
2.6.1.30	12842	1
2.6.1.31	10845	1
2.6.1.32	11469	1
2.6.1.33	19086	1
2.6.1.34	31664	1
2.6.1.35	17142	1
2.6.1.36	21201	1
2.6.1.37	17022	1
2.6.1.38	16566	1
2.6.1.39	12602	1
2.6.1.40	18394	1
2.6.1.41	23837	1
2.6.1.42	24814	1
2.6.1.42	24802	1
2.6.1.42	18322	1
2.6.1.43	12481	1
2.6.1.44	24249	1
2.6.1.45	19126	1
2.6.1.46	12381	1
2.6.1.47	18810	1
2.6.1.48	10213	1
2.6.1.49	15274	1
2.6.1.50	22921	1
2.6.1.51	22853	1
2.6.1.52	14330	1
2.6.1.52	16574	1
2.6.1.54	15878	1
2.6.1.55	16354	1
2.6.1.56	15498	1
2.6.1.57	25797	1
2.6.1.58	13054	1
2.6.1.59	10369	1
2.6.1.62	16862	1
2.6.1.63	19250	1
2.6.1.64	17594	1
2.6.1.65	16890	1
2.6.1.66	22913	1
2.6.1.67	23601	1
2.6.1.68	23793	1
2.6.1.70	14098	1
2.6.1.71	19394	1
2.6.1.72	15590	1
2.6.1.73	22885	1
2.6.1.74	14554	1
2.6.1.75	13486	1
2.6.1.76	11161	1
2.6.1.77	10421	1
2.6.1.78	20446	1
2.6.1.79	22881	1
2.6.1.80	22105	1
2.6.1.81	16954	1
2.6.1.82	23817	1
2.6.1.82	12269	1
2.6.1.82	22589	1
2.6.1.83	23989	1
2.6.1.84	13834	1
2.6.1.85	11673	1
2.6.1.86	25513	1
2.6.1.87	24711	1
2.6.1.88	31764	1
2.6.1.89	31668	1
2.6.1.90	31620	1
2.6.1.92	31768	1
2.6.1.93	34040	1
2.6.1.94	34300	1
2.6.1.95	33960	1
2.6.1.96	32268	1
2.6.1.96	32264	1
2.6.1.98	33584	1
2.6.1.99	27587	1
2.6.1.100	34148	1
2.6.1.101	34152	1
2.6.1.102	36780	1
2.6.1.103	38348	1
2.6.1.104	37552	1
2.6.1.105	26330	1
2.6.1.106	39908	1
2.6.1.107	39912	1
2.6.3.1	11625	1
2.6.99.2	15266	1
2.6.99.3	36264	1
2.6.99.4	37060	1
2.7.1.1	22741	1
2.7.1.2	17826	1
2.7.1.3	18146	1
2.7.1.4	16126	1
2.7.1.5	20118	1
2.7.1.6	13554	1
2.7.1.7	11029	1
2.7.1.8	10949	1
2.7.1.10	13378	1
2.7.1.11	16110	1
2.7.1.12	19434	1
2.7.1.13	10789	1
2.7.1.14	23845	1
2.7.1.15	13698	1
2.7.1.16	17602	1
2.7.1.16	22073	1
2.7.1.17	10965	1
2.7.1.18	21217	1
2.7.1.19	19366	1
2.7.1.20	20825	1
2.7.1.21	19130	1
2.7.1.22	14018	1
2.7.1.23	18630	1
2.7.1.24	18246	1
2.7.1.25	24153	1
2.7.1.26	14358	1
2.7.1.27	20709	1
2.7.1.28	13942	1
2.7.1.29	15774	1
2.7.1.30	21645	1
2.7.1.31	23517	1
2.7.1.32	12838	1
2.7.1.33	16374	1
2.7.1.34	22473	1
2.7.1.35	25105	1
2.7.1.35	10225	1
2.7.1.35	25109	1
2.7.1.36	17066	1
2.7.1.39	13986	1
2.7.1.40	18158	1
2.7.1.41	16398	1
2.7.1.42	20410	1
2.7.1.43	17006	1
2.7.1.44	12966	1
2.7.1.45	14798	1
2.7.1.46	20154	1
2.7.1.47	17602	1
2.7.1.48	24675	1
2.7.1.48	16826	1
2.7.1.49	23097	1
2.7.1.50	24213	1
2.7.1.51	12377	1
2.7.1.52	13242	1
2.7.1.53	18870	1
2.7.1.54	24589	1
2.7.1.55	14806	1
2.7.1.56	14214	1
2.7.1.58	16526	1
2.7.1.59	17418	1
2.7.1.60	23833	1
2.7.1.60	25254	1
2.7.1.64	21805	1
2.7.1.65	18606	1
2.7.1.66	28123	1
2.7.1.67	19878	1
2.7.1.68	14426	1
2.7.1.71	13122	1
2.7.1.72	22269	1
2.7.1.73	21141	1
2.7.1.74	20062	1
2.7.1.76	23453	1
2.7.1.77	19962	1
2.7.1.79	13690	1
2.7.1.80	23765	1
2.7.1.81	19050	1
2.7.1.82	13070	1
2.7.1.83	22449	1
2.7.1.84	23089	1
2.7.1.85	21945	1
2.7.1.86	12261	1
2.7.1.87	18378	1
2.7.1.88	16282	1
2.7.1.89	12013	1
2.7.1.90	13614	1
2.7.1.91	15466	1
2.7.1.92	13498	1
2.7.1.93	16938	1
2.7.1.95	24257	1
2.7.1.100	22313	1
2.7.1.101	15514	1
2.7.1.102	22797	1
2.7.1.103	20510	1
2.7.1.105	15654	1
2.7.1.106	16770	1
2.7.1.107	10273	1
2.7.1.108	13134	1
2.7.1.113	19202	1
2.7.1.119	23389	1
2.7.1.121	18382	1
2.7.1.122	20210	1
2.7.1.127	11021	1
2.7.1.130	20701	1
2.7.1.134	12453	1
2.7.1.136	18334	1
2.7.1.137	12710	1
2.7.1.138	17930	1
2.7.1.140	12718	1
2.7.1.142	21289	1
2.7.1.144	12421	1
2.7.1.145	12141	1
2.7.1.146	20106	1
2.7.1.147	11461	1
2.7.1.148	18438	1
2.7.1.149	12281	1
2.7.1.150	13610	1
2.7.1.151	11857	1
2.7.1.151	32360	1
2.7.1.151	17718	1
2.7.1.153	21293	1
2.7.1.154	18374	1
2.7.1.156	15766	1
2.7.1.156	15770	1
2.7.1.157	12618	1
2.7.1.158	20314	1
2.7.1.159	20941	1
2.7.1.159	13254	1
2.7.1.161	25022	1
2.7.1.162	25429	1
2.7.1.163	26065	1
2.7.1.165	27378	1
2.7.1.166	28507	1
2.7.1.167	27474	1
2.7.1.168	27571	1
2.7.1.169	28247	1
2.7.1.170	24953	1
2.7.1.173	25569	1
2.7.1.174	25949	1
2.7.1.175	31916	1
2.7.1.176	32672	1
2.7.1.177	33708	1
2.7.1.178	14798	1
2.7.1.178	16526	1
2.7.1.179	35752	1
2.7.1.182	38056	1
2.7.2.1	11353	1
2.7.2.2	10153	1
2.7.2.3	14802	1
2.7.2.4	23777	1
2.7.2.6	16010	1
2.7.2.7	13586	1
2.7.2.8	14630	1
2.7.2.10	23333	1
2.7.2.11	14878	1
2.7.2.12	24277	1
2.7.2.13	17218	1
2.7.2.14	24157	1
2.7.2.15	23149	1
2.7.3.1	14146	1
2.7.3.2	17158	1
2.7.3.3	22941	1
2.7.3.4	22517	1
2.7.3.5	23293	1
2.7.3.6	24009	1
2.7.3.7	17554	1
2.7.3.8	11025	1
2.7.3.10	15954	1
2.7.4.2	16342	1
2.7.4.3	12974	1
2.7.4.4	24037	1
2.7.4.6	18114	1
2.7.4.6	25099	1
2.7.4.6	25238	1
2.7.4.7	19894	1
2.7.4.8	20781	1
2.7.4.9	13518	1
2.7.4.10	13750	1
2.7.4.11	23101	1
2.7.4.12	12698	1
2.7.4.12	13518	1
2.7.4.13	11217	1
2.7.4.14	25095	1
2.7.4.14	24401	1
2.7.4.14	11601	1
2.7.4.15	11241	1
2.7.4.16	15914	1
2.7.4.18	21545	1
2.7.4.19	11397	1
2.7.4.21	37468	1
2.7.4.21	12794	1
2.7.4.22	24401	1
2.7.4.23	20110	1
2.7.4.24	37460	1
2.7.4.24	10277	1
2.7.4.25	25095	1
2.7.4.25	11601	1
2.7.4.26	33964	1
2.7.6.1	15610	1
2.7.6.2	11577	1
2.7.6.3	11413	1
2.7.6.5	22089	1
2.7.7.1	21361	1
2.7.7.2	17238	1
2.7.7.3	19802	1
2.7.7.4	18134	1
2.7.7.5	16530	1
2.7.7.9	19890	1
2.7.7.10	14210	1
2.7.7.11	18390	1
2.7.7.12	13990	1
2.7.7.13	15230	1
2.7.7.14	24593	1
2.7.7.15	18998	1
2.7.7.18	22861	1
2.7.7.22	12906	1
2.7.7.23	13510	1
2.7.7.24	15226	1
2.7.7.27	12121	1
2.7.7.30	13550	1
2.7.7.32	17166	1
2.7.7.33	18214	1
2.7.7.34	10709	1
2.7.7.35	14530	1
2.7.7.38	23449	1
2.7.7.39	13362	1
2.7.7.40	12457	1
2.7.7.41	16230	1
2.7.7.43	11345	1
2.7.7.44	16326	1
2.7.7.45	18154	1
2.7.7.47	20246	1
2.7.7.51	19198	1
2.7.7.53	16578	1
2.7.7.57	10577	1
2.7.7.58	20230	1
2.7.7.60	13430	1
2.7.7.62	22713	1
2.7.7.63	12914	1
2.7.7.65	24899	1
2.7.7.67	25691	1
2.7.7.68	30520	1
2.7.7.69	27699	1
2.7.7.70	27466	1
2.7.7.71	27462	1
2.7.7.74	30648	1
2.7.7.75	31332	1
2.7.7.76	31336	1
2.7.7.77	34244	1
2.7.7.78	30388	1
2.7.7.81	32084	1
2.7.7.82	34676	1
2.7.7.83	34364	0
2.7.7.84	34408	1
2.7.7.85	35656	1
2.7.7.86	35648	1
2.7.7.87	36408	1
2.7.8.1	32944	1
2.7.8.2	32940	1
2.7.8.3	16274	1
2.7.8.4	22657	1
2.7.8.5	12594	1
2.7.8.6	11653	1
2.7.8.8	16914	1
2.7.8.10	21225	1
2.7.8.11	11581	1
2.7.8.13	21921	1
2.7.8.15	13290	1
2.7.8.18	22441	1
2.7.8.22	21073	1
2.7.8.23	14046	1
2.7.8.24	14598	1
2.7.8.26	23561	1
2.7.8.26	16050	1
2.7.8.27	18766	1
2.7.8.28	27511	1
2.7.8.29	27607	1
2.7.8.31	28127	1
2.7.8.32	28263	1
2.7.8.33	28091	1
2.7.8.34	31328	1
2.7.8.35	34072	1
2.7.8.36	34516	1
2.7.8.37	34680	1
2.7.8.38	35440	1
2.7.8.38	37368	1
2.7.8.39	36824	1
2.7.8.40	36788	1
2.7.9.1	10757	1
2.7.9.2	11365	1
2.7.9.3	18738	1
2.8.1.1	16882	1
2.8.1.2	21741	1
2.8.1.3	14506	1
2.8.1.5	15122	1
2.8.1.6	22061	1
2.8.1.10	26298	1
2.8.2.4	15974	1
2.8.2.6	21985	1
2.8.2.7	14338	1
2.8.2.9	19978	1
2.8.2.10	20482	1
2.8.2.11	20614	1
2.8.2.14	10909	1
2.8.2.14	14014	1
2.8.2.16	14638	1
2.8.2.18	11885	1
2.8.2.19	13274	1
2.8.2.24	20282	1
2.8.2.25	13454	1
2.8.2.26	22505	1
2.8.2.27	17206	1
2.8.2.28	21861	1
2.8.2.31	16998	1
2.8.2.32	15478	1
2.8.2.34	17690	1
2.8.2.36	40228	1
2.8.3.1	23521	1
2.8.3.2	23589	1
2.8.3.3	18818	1
2.8.3.5	25481	1
2.8.3.6	12049	1
2.8.3.8	13382	1
2.8.3.9	12962	1
2.8.3.10	19406	1
2.8.3.11	17622	1
2.8.3.12	23209	1
2.8.3.13	24949	1
2.8.3.13	12285	1
2.8.3.14	23497	1
2.8.3.15	16470	1
2.8.3.16	16546	1
2.8.3.17	15602	1
2.8.3.18	35712	1
2.8.3.19	37884	1
2.8.3.20	40656	1
2.8.3.20	38280	1
2.8.3.21	28527	1
2.8.3.21	28419	1
2.8.3.22	38284	1
2.8.3.22	38256	1
2.8.3.22	38288	1
2.8.4.1	12533	1
2.8.4.2	27350	1
2.8.4.3	36340	1
2.8.4.3	37064	1
2.8.4.3	37068	1
2.8.4.4	37084	1
2.8.4.4	36352	1
2.8.4.5	37080	1
2.8.4.5	37076	1
2.8.4.5	37072	1
2.10.1.1	35048	1
3.1.1.3	12045	1
3.1.1.4	15802	1
3.1.1.5	15178	1
3.1.1.7	17562	1
3.1.1.8	21965	1
3.1.1.10	23305	1
3.1.1.14	38012	1
3.1.1.15	16218	1
3.1.1.17	10441	1
3.1.1.19	13338	1
3.1.1.20	16366	1
3.1.1.22	10173	1
3.1.1.24	10185	1
3.1.1.26	13190	1
3.1.1.27	14302	1
3.1.1.28	17102	1
3.1.1.30	23109	1
3.1.1.31	12557	1
3.1.1.32	18690	1
3.1.1.33	18486	1
3.1.1.34	12045	1
3.1.1.35	10361	1
3.1.1.36	10897	1
3.1.1.37	13722	1
3.1.1.38	22261	1
3.1.1.40	19550	1
3.1.1.41	22597	1
3.1.1.42	20690	1
3.1.1.44	10565	1
3.1.1.45	12373	1
3.1.1.46	14998	1
3.1.1.47	17778	1
3.1.1.49	10017	1
3.1.1.51	21317	1
3.1.1.52	18002	1
3.1.1.53	22601	1
3.1.1.53	25565	1
3.1.1.54	11549	1
3.1.1.55	11753	1
3.1.1.56	12209	1
3.1.1.57	10645	1
3.1.1.59	16394	1
3.1.1.60	15530	1
3.1.1.63	19698	1
3.1.1.64	31772	1
3.1.1.64	31776	1
3.1.1.65	10289	1
3.1.1.66	16314	1
3.1.1.68	18342	1
3.1.1.70	23461	1
3.1.1.71	11553	1
3.1.1.78	17502	1
3.1.1.79	15246	1
3.1.1.79	18762	1
3.1.1.79	12045	1
3.1.1.80	22125	1
3.1.1.80	23797	1
3.1.1.82	24781	1
3.1.1.82	32484	1
3.1.1.82	24777	1
3.1.1.83	32596	1
3.1.1.83	32508	1
3.1.1.83	32512	1
3.1.1.83	32516	1
3.1.1.83	32592	1
3.1.1.84	27507	1
3.1.1.87	30364	1
3.1.1.88	30284	1
3.1.1.90	31780	1
3.1.1.91	33968	1
3.1.1.92	33712	1
3.1.1.93	34180	1
3.1.1.94	35716	1
3.1.1.94	35720	1
3.1.1.95	37892	1
3.1.2.1	20290	1
3.1.2.2	16646	1
3.1.2.3	11517	1
3.1.2.4	20889	1
3.1.2.5	16306	1
3.1.2.6	25246	1
3.1.2.6	21865	1
3.1.2.7	22709	1
3.1.2.10	19742	1
3.1.2.11	15674	1
3.1.2.12	14962	1
3.1.2.13	16714	1
3.1.2.17	17346	1
3.1.2.18	16782	1
3.1.2.19	16782	1
3.1.2.20	16782	1
3.1.2.23	11949	1
3.1.2.25	15338	1
3.1.2.26	17694	1
3.1.2.27	14542	1
3.1.2.27	16306	1
3.1.2.27	31512	1
3.1.2.28	26310	1
3.1.2.29	28543	1
3.1.2.30	38292	1
3.1.3.3	21209	1
3.1.3.3	24874	1
3.1.3.4	27430	1
3.1.3.6	10145	1
3.1.3.7	10041	1
3.1.3.8	16990	1
3.1.3.9	16690	1
3.1.3.10	19934	1
3.1.3.11	11065	1
3.1.3.12	23421	1
3.1.3.13	21905	1
3.1.3.14	16082	1
3.1.3.15	14466	1
3.1.3.18	14370	1
3.1.3.19	13106	1
3.1.3.20	21157	1
3.1.3.21	11477	1
3.1.3.22	19538	1
3.1.3.24	19290	1
3.1.3.26	20961	1
3.1.3.27	33752	1
3.1.3.28	15862	1
3.1.3.29	13058	1
3.1.3.31	12485	1
3.1.3.35	11081	1
3.1.3.36	22765	1
3.1.3.37	17462	1
3.1.3.38	12413	1
3.1.3.39	10689	1
3.1.3.40	15778	1
3.1.3.41	21665	1
3.1.3.45	11501	1
3.1.3.46	17290	1
3.1.3.50	24581	1
3.1.3.51	13798	1
3.1.3.54	13334	1
3.1.3.56	11393	1
3.1.3.56	19798	1
3.1.3.57	15554	1
3.1.3.58	16690	1
3.1.3.59	18222	1
3.1.3.60	19998	1
3.1.3.63	17838	1
3.1.3.64	12317	1
3.1.3.66	17194	1
3.1.3.67	25018	1
3.1.3.68	22237	1
3.1.3.69	22653	1
3.1.3.70	19310	1
3.1.3.71	23417	1
3.1.3.72	13002	1
3.1.3.73	30368	1
3.1.3.73	24457	1
3.1.3.74	25113	0
3.1.3.74	25137	0
3.1.3.74	20534	0
3.1.3.75	16090	1
3.1.3.75	10493	1
3.1.3.76	16538	1
3.1.3.77	14482	1
3.1.3.77	18770	1
3.1.3.77	21701	1
3.1.3.78	25675	1
3.1.3.79	26020	1
3.1.3.80	27382	1
3.1.3.81	27450	1
3.1.3.82	28519	1
3.1.3.83	28523	1
3.1.3.84	25030	1
3.1.3.85	31344	1
3.1.3.86	25529	1
3.1.3.87	14482	1
3.1.3.88	33972	1
3.1.3.89	36168	1
3.1.3.90	36296	1
3.1.3.91	37108	1
3.1.3.91	29368	1
3.1.3.92	37556	1
3.1.3.93	26350	1
3.1.3.94	29316	1
3.1.3.95	39020	1
3.1.4.2	16062	1
3.1.4.3	10605	1
3.1.4.4	14446	1
3.1.4.4	38996	1
3.1.4.11	33180	1
3.1.4.12	19254	1
3.1.4.13	17114	1
3.1.4.16	19622	1
3.1.4.17	14654	1
3.1.4.35	16958	1
3.1.4.38	19546	1
3.1.4.39	15966	1
3.1.4.40	20186	1
3.1.4.41	20985	1
3.1.4.42	16494	1
3.1.4.43	14034	1
3.1.4.44	16502	1
3.1.4.46	29876	1
3.1.4.46	29908	1
3.1.4.48	13858	1
3.1.4.49	12990	1
3.1.4.50	10833	1
3.1.4.52	24903	1
3.1.4.53	25278	1
3.1.4.54	33160	1
3.1.4.55	34796	1
3.1.4.56	35800	1
3.1.4.56	35804	1
3.1.5.1	15194	1
3.1.6.2	19874	1
3.1.6.3	19146	1
3.1.6.6	20821	1
3.1.6.9	11445	1
3.1.6.10	10537	1
3.1.6.11	15518	1
3.1.6.16	14222	1
3.1.6.17	20338	1
3.1.7.1	21497	1
3.1.7.2	14254	1
3.1.7.5	26238	1
3.1.7.6	27527	1
3.1.7.7	28291	1
3.1.7.8	31784	1
3.1.7.9	31788	1
3.1.7.9	31792	1
3.1.7.10	32076	1
3.1.7.10	32072	1
3.1.7.10	32080	1
3.1.7.11	32680	1
3.1.8.2	24101	1
3.2.1.28	32676	1
3.2.1.42	15050	1
3.2.1.45	13270	1
3.2.1.46	14298	1
3.2.1.47	21113	1
3.2.1.56	15074	1
3.2.1.63	10817	1
3.2.1.66	17466	1
3.2.1.86	10773	1
3.2.1.93	23009	1
3.2.1.97	30984	1
3.2.1.104	11957	1
3.2.1.105	12918	1
3.2.1.108	10077	1
3.2.1.117	14178	1
3.2.1.118	16490	1
3.2.1.119	14042	1
3.2.1.122	20422	1
3.2.1.125	14558	1
3.2.1.126	12253	1
3.2.1.128	17370	1
3.2.1.134	15042	1
3.2.1.140	21569	1
3.2.1.167	28327	1
3.2.1.167	28131	1
3.2.1.167	30476	1
3.2.1.168	28135	1
3.2.1.170	27867	1
3.2.1.172	30928	1
3.2.1.175	31348	1
3.2.1.179	31652	1
3.2.1.179	31636	1
3.2.1.179	31660	1
3.2.1.179	31656	1
3.2.1.180	31648	1
3.2.1.182	33980	1
3.2.1.182	33976	1
3.2.1.183	30684	1
3.2.1.184	34492	1
3.2.1.185	36052	1
3.2.1.186	37896	1
3.2.1.187	38448	1
3.2.1.188	38912	1
3.2.1.189	36828	1
3.2.1.190	38940	1
3.2.1.191	40736	1
3.2.1.191	40732	1
3.2.1.191	40740	1
3.2.1.191	40744	1
3.2.1.192	38336	1
3.2.1.192	38344	1
3.2.1.192	38340	1
3.2.1.194	40772	1
3.2.1.194	40768	1
3.2.1.194	40764	1
3.2.1.195	38340	1
3.2.2.2	16658	1
3.2.2.3	15578	1
3.2.2.4	20130	1
3.2.2.5	16302	1
3.2.2.6	38612	1
3.2.2.6	38616	1
3.2.2.6	16302	1
3.2.2.7	18670	1
3.2.2.9	17806	1
3.2.2.9	13618	1
3.2.2.9	29860	1
3.2.2.10	30076	1
3.2.2.11	12325	1
3.2.2.12	20470	1
3.2.2.13	12866	1
3.2.2.14	23141	1
3.2.2.16	13618	1
3.2.2.19	20785	1
3.2.2.25	10881	1
3.2.2.26	25905	1
3.3.1.1	21709	1
3.3.1.2	14646	1
3.3.2.1	11113	1
3.3.2.2	22545	1
3.3.2.4	20741	1
3.3.2.5	16906	1
3.3.2.6	22325	1
3.3.2.7	16666	1
3.3.2.8	10701	1
3.3.2.9	23901	1
3.3.2.11	11965	1
3.3.2.11	15114	1
3.3.2.12	31756	1
3.3.2.13	38320	1
3.3.2.30	33080	1
3.4.13.22	20662	1
3.4.17.23	26555	1
3.4.19.13	28808	1
3.4.19.14	31564	1
3.5.1.1	21017	1
3.5.1.2	15890	1
3.5.1.5	20558	1
3.5.1.6	11185	1
3.5.1.7	14366	1
3.5.1.8	22041	1
3.5.1.9	13010	1
3.5.1.10	19834	1
3.5.1.11	18694	1
3.5.1.12	13082	1
3.5.1.13	20298	1
3.5.1.14	15566	1
3.5.1.14	36856	1
3.5.1.15	10873	1
3.5.1.16	15942	1
3.5.1.17	24549	1
3.5.1.18	22609	1
3.5.1.19	14546	1
3.5.1.20	11941	1
3.5.1.21	23213	1
3.5.1.22	12449	1
3.5.1.23	20857	1
3.5.1.24	19354	1
3.5.1.25	22937	1
3.5.1.26	11545	1
3.5.1.29	10433	1
3.5.1.30	15678	1
3.5.1.31	17782	1
3.5.1.32	10425	1
3.5.1.33	20594	1
3.5.1.35	22841	1
3.5.1.36	24109	1
3.5.1.38	21017	1
3.5.1.38	15890	1
3.5.1.39	20082	1
3.5.1.40	15066	1
3.5.1.42	12401	1
3.5.1.46	21365	1
3.5.1.47	20406	1
3.5.1.48	23929	1
3.5.1.49	21949	1
3.5.1.50	10001	1
3.5.1.51	22929	1
3.5.1.53	22285	1
3.5.1.54	19030	1
3.5.1.56	19518	1
3.5.1.57	11013	1
3.5.1.58	20901	1
3.5.1.59	20058	1
3.5.1.61	13374	1
3.5.1.62	23413	1
3.5.1.63	15898	1
3.5.1.64	18902	1
3.5.1.65	18014	1
3.5.1.66	17678	1
3.5.1.67	14742	1
3.5.1.68	12477	1
3.5.1.71	10485	1
3.5.1.72	14422	1
3.5.1.73	17538	1
3.5.1.74	16310	1
3.5.1.75	21373	1
3.5.1.78	17174	1
3.5.1.79	18298	1
3.5.1.81	18310	1
3.5.1.82	12834	1
3.5.1.83	18286	1
3.5.1.84	17526	1
3.5.1.85	23953	1
3.5.1.86	22877	1
3.5.1.89	11661	1
3.5.1.90	23505	1
3.5.1.91	12097	1
3.5.1.92	13446	1
3.5.1.93	23509	1
3.5.1.94	19738	1
3.5.1.95	17362	1
3.5.1.96	15170	1
3.5.1.97	18938	1
3.5.1.99	26507	1
3.5.1.99	26137	1
3.5.1.100	26547	1
3.5.1.100	27579	1
3.5.1.100	27575	1
3.5.1.100	26543	1
3.5.1.101	26551	1
3.5.1.101	26511	1
3.5.1.102	27283	1
3.5.1.103	26181	1
3.5.1.105	27470	1
3.5.1.107	27386	1
3.5.1.108	25210	1
3.5.1.109	30916	1
3.5.1.109	30912	1
3.5.1.110	31596	1
3.5.1.110	31604	1
3.5.1.110	31592	1
3.5.1.111	32964	1
3.5.1.112	34032	1
3.5.1.113	34052	1
3.5.1.114	36856	1
3.5.1.115	36544	1
3.5.1.116	19810	1
3.5.2.1	18654	1
3.5.2.2	16122	1
3.5.2.3	24297	1
3.5.2.4	12029	1
3.5.2.5	17030	1
3.5.2.7	23661	1
3.5.2.9	10349	1
3.5.2.10	14534	1
3.5.2.11	21389	1
3.5.2.12	16226	1
3.5.2.13	21809	1
3.5.2.14	11721	1
3.5.2.15	14642	1
3.5.2.16	24477	1
3.5.2.17	23737	1
3.5.2.18	17210	1
3.5.2.19	28139	1
3.5.2.19	28143	1
3.5.3.1	20570	1
3.5.3.2	23269	1
3.5.3.3	22457	1
3.5.3.4	11017	1
3.5.3.5	13662	1
3.5.3.6	19598	1
3.5.3.7	19502	1
3.5.3.8	22493	1
3.5.3.9	27486	1
3.5.3.10	12902	1
3.5.3.11	13930	1
3.5.3.12	18038	1
3.5.3.13	22833	1
3.5.3.14	14850	1
3.5.3.16	11765	1
3.5.3.17	16030	1
3.5.3.18	25174	1
3.5.3.18	17306	1
3.5.3.20	13598	1
3.5.3.21	11705	1
3.5.3.21	15930	1
3.5.3.21	22241	1
3.5.3.21	13902	1
3.5.3.22	17002	1
3.5.3.23	19534	1
3.5.3.24	35828	1
3.5.3.25	36792	1
3.5.3.26	25242	1
3.5.4.1	20606	1
3.5.4.2	23689	1
3.5.4.3	14666	1
3.5.4.4	24409	1
3.5.4.5	16070	1
3.5.4.5	13434	1
3.5.4.6	14778	1
3.5.4.7	12742	1
3.5.4.8	33260	1
3.5.4.8	22349	1
3.5.4.8	24936	1
3.5.4.9	23701	1
3.5.4.10	18446	1
3.5.4.11	11905	1
3.5.4.12	22925	1
3.5.4.13	22681	1
3.5.4.15	12862	1
3.5.4.16	17474	1
3.5.4.17	14778	1
3.5.4.18	13038	1
3.5.4.19	20050	1
3.5.4.20	14538	1
3.5.4.21	12682	1
3.5.4.22	10561	1
3.5.4.23	10149	1
3.5.4.24	14026	1
3.5.4.25	23705	1
3.5.4.26	21869	1
3.5.4.27	19054	1
3.5.4.28	20717	1
3.5.4.29	22469	1
3.5.4.30	19206	1
3.5.4.31	25026	1
3.5.4.32	32068	1
3.5.4.39	25861	1
3.5.4.40	40076	1
3.5.5.1	21725	1
3.5.5.2	22705	1
3.5.5.4	21017	1
3.5.5.4	15386	1
3.5.5.4	11189	1
3.5.5.5	20658	1
3.5.5.6	22101	1
3.5.5.7	21725	1
3.5.5.8	21465	1
3.5.99.1	11409	1
3.5.99.2	31800	1
3.5.99.2	17510	1
3.5.99.3	23093	1
3.5.99.4	23609	1
3.5.99.5	20997	1
3.5.99.6	12173	1
3.5.99.7	16934	1
3.5.99.8	28167	1
3.5.99.9	34272	1
3.5.99.10	24743	1
3.5.99.10	40072	1
3.6.1.1	24577	1
3.6.1.2	11089	1
3.6.1.3	13066	1
3.6.1.5	36800	1
3.6.1.5	36796	1
3.6.1.5	23681	1
3.6.1.6	36800	1
3.6.1.7	14966	1
3.6.1.8	14246	1
3.6.1.12	22637	1
3.6.1.13	10413	1
3.6.1.14	24501	1
3.6.1.15	23681	1
3.6.1.16	21693	1
3.6.1.17	22485	1
3.6.1.18	13890	1
3.6.1.19	23997	1
3.6.1.20	16838	1
3.6.1.22	11801	1
3.6.1.23	10249	1
3.6.1.25	14158	1
3.6.1.26	15222	1
3.6.1.27	28095	1
3.6.1.28	11745	1
3.6.1.29	13894	1
3.6.1.31	22829	1
3.6.1.39	19014	1
3.6.1.40	13074	1
3.6.1.41	24253	1
3.6.1.42	22157	1
3.6.1.43	14386	1
3.6.1.53	10413	1
3.6.1.53	32488	1
3.6.1.54	25214	1
3.6.1.55	31576	1
3.6.1.56	31584	1
3.6.1.57	31804	1
3.6.1.58	32064	1
3.6.1.59	37104	1
3.6.1.59	37100	1
3.6.1.60	32048	1
3.6.1.60	32052	1
3.6.1.61	30528	1
3.6.1.61	32040	1
3.6.1.61	32044	1
3.6.1.62	37372	1
3.6.1.63	34684	1
3.6.1.64	35212	1
3.6.1.64	35208	1
3.6.1.65	27763	1
3.6.1.65	22637	1
3.6.1.66	28343	1
3.6.1.66	28611	1
3.6.2.1	17042	1
3.6.2.2	11233	1
3.6.3.1	14990	1
3.6.3.2	10261	1
3.6.3.3	12133	1
3.6.3.4	10377	1
3.6.3.5	20622	1
3.6.3.6	20853	1
3.6.3.7	14634	1
3.6.3.8	18106	1
3.6.3.9	18354	1
3.6.3.10	22045	1
3.6.3.11	24129	1
3.6.3.12	16778	1
3.6.3.14	20853	1
3.6.3.15	14634	1
3.6.3.16	11349	1
3.6.3.17	29900	0
3.6.3.19	22133	1
3.6.3.20	21669	0
3.6.3.21	29880	0
3.6.3.21	29888	0
3.6.3.21	29884	0
3.6.3.24	15558	1
3.6.3.25	10193	1
3.6.3.25	29872	1
3.6.3.26	13182	1
3.6.3.27	24441	1
3.6.3.28	18066	1
3.6.3.29	22021	1
3.6.3.30	12333	1
3.6.3.32	11037	1
3.6.3.33	17874	0
3.6.3.35	17366	1
3.6.3.36	14614	0
3.6.3.37	20833	1
3.6.3.43	14430	1
3.6.3.46	13066	1
3.6.3.49	13066	1
3.6.3.50	13066	1
3.6.3.51	13066	1
3.6.3.52	13066	1
3.6.3.53	14734	1
3.6.3.54	25793	1
3.6.3.55	35028	0
3.6.4.1	13066	1
3.6.4.2	13066	1
3.6.4.3	13066	1
3.6.4.4	13066	1
3.6.4.5	13066	1
3.6.4.6	13066	1
3.6.4.7	13066	1
3.6.4.8	13066	1
3.6.4.9	13066	1
3.6.4.10	13066	1
3.6.4.11	13066	1
3.6.4.12	13066	1
3.6.4.13	13066	1
3.6.5.1	19670	1
3.6.5.2	19670	1
3.6.5.3	19670	1
3.6.5.4	19670	1
3.6.5.5	19670	1
3.6.5.6	19670	1
3.7.1.1	24433	1
3.7.1.2	10245	1
3.7.1.3	16814	1
3.7.1.3	25144	1
3.7.1.4	23397	1
3.7.1.5	19010	1
3.7.1.6	16098	1
3.7.1.7	11909	1
3.7.1.8	17162	1
3.7.1.9	14550	1
3.7.1.10	16474	1
3.7.1.11	26515	1
3.7.1.13	27871	1
3.7.1.14	34188	1
3.7.1.14	34192	1
3.7.1.17	32036	1
3.7.1.18	33416	1
3.7.1.19	34168	1
3.7.1.20	26169	1
3.7.1.21	40064	1
3.7.1.21	39652	1
3.7.1.21	40068	1
3.7.1.22	25837	1
3.8.1.1	13766	1
3.8.1.3	30052	1
3.8.1.3	25190	1
3.8.1.5	25186	1
3.8.1.6	23441	1
3.8.1.7	14854	1
3.8.1.8	11313	1
3.9.1.1	12978	1
3.10.1.1	17882	1
3.10.1.2	18482	1
3.11.1.1	18906	1
3.11.1.2	16750	1
3.11.1.3	16674	1
3.12.1.1	21885	1
3.13.1.1	13198	1
3.13.1.3	12946	1
4.1.1.1	11629	1
4.1.1.2	16510	1
4.1.1.3	15642	1
4.1.1.4	19730	1
4.1.1.5	21581	1
4.1.1.6	15254	1
4.1.1.7	23369	1
4.1.1.8	19334	1
4.1.1.9	18782	1
4.1.1.11	19498	1
4.1.1.12	12622	1
4.1.1.14	18990	1
4.1.1.15	17786	1
4.1.1.16	14074	1
4.1.1.17	22965	1
4.1.1.18	22353	1
4.1.1.19	17642	1
4.1.1.20	15102	1
4.1.1.21	10793	1
4.1.1.22	20841	1
4.1.1.23	11597	1
4.1.1.24	24731	1
4.1.1.24	24201	1
4.1.1.25	14346	1
4.1.1.28	30340	1
4.1.1.28	18534	1
4.1.1.28	12273	1
4.1.1.29	16878	1
4.1.1.29	25222	1
4.1.1.30	15078	1
4.1.1.31	28371	1
4.1.1.32	10389	1
4.1.1.33	23733	1
4.1.1.34	11085	1
4.1.1.35	23917	1
4.1.1.36	16794	1
4.1.1.37	19866	1
4.1.1.38	22357	1
4.1.1.39	23125	1
4.1.1.40	20562	1
4.1.1.41	21397	1
4.1.1.42	21577	1
4.1.1.43	14186	1
4.1.1.44	23349	1
4.1.1.45	16558	1
4.1.1.46	21493	1
4.1.1.47	10137	1
4.1.1.48	23477	1
4.1.1.49	18618	1
4.1.1.50	15982	1
4.1.1.51	13670	1
4.1.1.52	23113	1
4.1.1.53	19718	1
4.1.1.54	13846	1
4.1.1.55	24185	1
4.1.1.56	13386	1
4.1.1.57	17758	1
4.1.1.58	16734	1
4.1.1.59	12750	1
4.1.1.60	13886	1
4.1.1.61	10877	1
4.1.1.62	21313	1
4.1.1.63	22417	1
4.1.1.64	16074	1
4.1.1.65	20829	1
4.1.1.66	17686	1
4.1.1.67	19726	1
4.1.1.68	14398	1
4.1.1.69	18602	1
4.1.1.70	23973	1
4.1.1.71	10525	1
4.1.1.72	21109	1
4.1.1.73	13318	1
4.1.1.74	18018	1
4.1.1.75	11341	1
4.1.1.76	20514	1
4.1.1.77	24261	1
4.1.1.78	17734	1
4.1.1.79	20949	1
4.1.1.80	18698	1
4.1.1.81	11493	1
4.1.1.82	20769	1
4.1.1.83	22733	1
4.1.1.84	18442	1
4.1.1.85	14354	1
4.1.1.86	15690	1
4.1.1.88	25897	1
4.1.1.89	25897	1
4.1.1.91	30704	1
4.1.1.92	31016	1
4.1.1.93	31380	1
4.1.1.93	31376	1
4.1.1.94	32132	1
4.1.1.96	34100	1
4.1.1.96	34096	1
4.1.1.97	26302	1
4.1.2.2	20933	1
4.1.2.4	12822	1
4.1.2.5	19626	1
4.1.2.8	14082	1
4.1.2.9	10469	1
4.1.2.10	18314	1
4.1.2.11	15978	1
4.1.2.12	23277	1
4.1.2.13	14730	1
4.1.2.14	17090	1
4.1.2.17	12934	1
4.1.2.18	18546	1
4.1.2.19	19690	1
4.1.2.20	10269	1
4.1.2.21	24465	1
4.1.2.22	12197	1
4.1.2.23	23341	1
4.1.2.24	19322	1
4.1.2.25	10541	1
4.1.2.26	21713	1
4.1.2.27	18594	1
4.1.2.28	20610	1
4.1.2.29	13178	1
4.1.2.30	14754	1
4.1.2.32	20218	1
4.1.2.33	10885	1
4.1.2.34	16454	1
4.1.2.35	11101	1
4.1.2.36	17910	1
4.1.2.38	21461	1
4.1.2.40	22949	1
4.1.2.41	18726	1
4.1.2.42	20074	1
4.1.2.42	15258	1
4.1.2.43	25202	1
4.1.2.44	25388	1
4.1.2.45	27390	1
4.1.2.46	28171	1
4.1.2.48	26210	1
4.1.2.48	19626	1
4.1.2.49	26210	1
4.1.2.50	27967	1
4.1.2.51	35584	1
4.1.2.52	25789	1
4.1.2.53	25785	1
4.1.2.54	38108	1
4.1.2.55	24465	1
4.1.2.55	17090	1
4.1.2.56	26314	1
4.1.3.1	13246	1
4.1.3.3	23297	1
4.1.3.4	24405	1
4.1.3.6	10761	1
4.1.3.13	22033	1
4.1.3.14	14378	1
4.1.3.16	18170	1
4.1.3.17	28936	1
4.1.3.17	22749	1
4.1.3.22	15546	1
4.1.3.24	16630	1
4.1.3.24	38260	1
4.1.3.25	22613	1
4.1.3.26	23085	1
4.1.3.27	21733	1
4.1.3.30	16810	1
4.1.3.32	10473	1
4.1.3.34	20813	1
4.1.3.35	23869	1
4.1.3.36	26563	1
4.1.3.38	16202	1
4.1.3.39	22625	1
4.1.3.40	16506	1
4.1.3.41	27939	1
4.1.3.41	27935	1
4.1.3.42	35640	1
4.1.3.43	36004	1
4.1.3.44	36348	1
4.1.3.45	38316	1
4.1.3.46	38276	1
4.1.99.1	19554	1
4.1.99.2	21705	1
4.1.99.5	30416	1
4.1.99.11	10417	1
4.1.99.12	18458	1
4.1.99.16	30460	1
4.1.99.16	30372	1
4.1.99.16	30456	1
4.1.99.17	24841	1
4.1.99.18	26378	1
4.1.99.19	26362	1
4.1.99.20	26318	1
4.2.1.1	10749	1
4.2.1.2	12461	1
4.2.1.3	22145	1
4.2.1.3	10229	1
4.2.1.3	10337	1
4.2.1.5	21837	1
4.2.1.6	18650	1
4.2.1.7	15958	1
4.2.1.8	20098	1
4.2.1.9	20937	1
4.2.1.10	21097	1
4.2.1.11	10165	1
4.2.1.12	17278	1
4.2.1.17	16106	1
4.2.1.18	21537	1
4.2.1.19	11041	1
4.2.1.20	14082	1
4.2.1.20	26435	1
4.2.1.20	10533	1
4.2.1.22	10113	1
4.2.1.24	24065	1
4.2.1.25	20969	1
4.2.1.27	17958	1
4.2.1.28	14570	1
4.2.1.30	19766	1
4.2.1.31	23693	1
4.2.1.32	15414	1
4.2.1.33	10677	1
4.2.1.33	16294	1
4.2.1.33	32288	1
4.2.1.34	13530	1
4.2.1.35	22333	1
4.2.1.36	15486	1
4.2.1.39	21613	1
4.2.1.40	14574	1
4.2.1.41	24609	1
4.2.1.42	16006	1
4.2.1.43	17202	1
4.2.1.44	14066	1
4.2.1.45	17154	1
4.2.1.46	17222	1
4.2.1.47	23821	1
4.2.1.48	22361	1
4.2.1.49	13102	1
4.2.1.50	24513	1
4.2.1.51	21649	1
4.2.1.53	21853	1
4.2.1.54	34692	1
4.2.1.55	17850	1
4.2.1.56	13786	1
4.2.1.57	24145	1
4.2.1.62	22065	1
4.2.1.65	15386	1
4.2.1.66	21721	1
4.2.1.67	12950	1
4.2.1.68	22773	1
4.2.1.69	23057	1
4.2.1.70	18338	1
4.2.1.73	23877	1
4.2.1.74	16106	1
4.2.1.75	18966	1
4.2.1.76	21501	1
4.2.1.77	10321	1
4.2.1.78	16174	1
4.2.1.79	17726	1
4.2.1.80	22581	1
4.2.1.81	18290	1
4.2.1.82	19158	1
4.2.1.83	17402	1
4.2.1.84	12674	1
4.2.1.85	20254	1
4.2.1.87	18174	1
4.2.1.88	32204	1
4.2.1.90	23081	1
4.2.1.91	12537	1
4.2.1.92	25075	0
4.2.1.93	19018	1
4.2.1.93	32232	1
4.2.1.94	24397	1
4.2.1.95	23605	1
4.2.1.96	11921	1
4.2.1.97	19770	1
4.2.1.98	12585	1
4.2.1.99	17942	1
4.2.1.100	21857	1
4.2.1.101	14518	1
4.2.1.103	18198	1
4.2.1.104	11121	1
4.2.1.104	18490	1
4.2.1.104	15650	1
4.2.1.105	16446	1
4.2.1.105	36804	1
4.2.1.106	10437	1
4.2.1.107	18934	1
4.2.1.108	17282	1
4.2.1.109	15550	1
4.2.1.110	15726	1
4.2.1.110	13746	1
4.2.1.110	12101	1
4.2.1.111	15726	1
4.2.1.112	17886	1
4.2.1.113	10197	1
4.2.1.114	26102	1
4.2.1.114	32304	1
4.2.1.114	15486	1
4.2.1.115	26112	1
4.2.1.116	26519	1
4.2.1.116	26559	1
4.2.1.117	26523	1
4.2.1.118	24849	1
4.2.1.119	26527	1
4.2.1.120	26531	1
4.2.1.121	28175	1
4.2.1.121	28179	1
4.2.1.122	26435	1
4.2.1.123	30677	0
4.2.1.124	31037	0
4.2.1.125	30857	0
4.2.1.126	26411	1
4.2.1.127	30712	1
4.2.1.128	31352	1
4.2.1.129	16562	1
4.2.1.130	27755	1
4.2.1.131	31608	1
4.2.1.131	31612	1
4.2.1.132	32536	1
4.2.1.133	32704	1
4.2.1.135	30824	1
4.2.1.136	32236	1
4.2.1.136	32224	1
4.2.1.137	34256	1
4.2.1.138	31796	1
4.2.1.139	35812	1
4.2.1.140	18650	1
4.2.1.140	21613	1
4.2.1.141	35808	1
4.2.1.142	35672	1
4.2.1.143	33860	1
4.2.1.144	35772	1
4.2.1.145	38160	1
4.2.1.146	38104	1
4.2.1.147	24679	0
4.2.1.148	38264	1
4.2.1.149	28339	1
4.2.1.151	40052	1
4.2.2.6	20270	1
4.2.3.1	10841	1
4.2.3.2	17890	1
4.2.3.3	17938	1
4.2.3.4	21969	1
4.2.3.5	21021	1
4.2.3.6	12053	1
4.2.3.7	18082	1
4.2.3.8	14902	1
4.2.3.9	19826	1
4.2.3.10	20566	1
4.2.3.11	19566	1
4.2.3.12	22049	1
4.2.3.13	19526	1
4.2.3.15	16966	1
4.2.3.16	12870	1
4.2.3.17	20913	1
4.2.3.18	13874	1
4.2.3.19	22221	1
4.2.3.20	10941	1
4.2.3.21	10341	1
4.2.3.22	22437	1
4.2.3.23	12517	1
4.2.3.24	18326	1
4.2.3.25	24117	1
4.2.3.26	15810	1
4.2.3.27	13370	1
4.2.3.28	25533	1
4.2.3.29	25537	1
4.2.3.30	25541	1
4.2.3.31	25545	1
4.2.3.32	25549	1
4.2.3.33	25553	1
4.2.3.34	25557	1
4.2.3.35	25561	1
4.2.3.36	25618	1
4.2.3.37	25993	1
4.2.3.38	25437	1
4.2.3.39	26116	1
4.2.3.40	26082	1
4.2.3.41	26242	1
4.2.3.42	26214	1
4.2.3.43	26246	1
4.2.3.44	26129	1
4.2.3.45	26431	1
4.2.3.46	27422	1
4.2.3.47	27426	1
4.2.3.48	27531	1
4.2.3.49	27535	1
4.2.3.50	30464	1
4.2.3.51	27831	1
4.2.3.52	25493	1
4.2.3.53	30468	1
4.2.3.54	30472	1
4.2.3.55	28267	1
4.2.3.56	25469	1
4.2.3.56	25465	1
4.2.3.56	25461	1
4.2.3.56	25457	1
4.2.3.56	25477	1
4.2.3.56	25473	1
4.2.3.57	28295	1
4.2.3.58	25465	1
4.2.3.59	28299	1
4.2.3.60	28303	1
4.2.3.61	28636	1
4.2.3.62	28640	1
4.2.3.63	29476	1
4.2.3.64	29480	1
4.2.3.65	28644	1
4.2.3.66	29484	1
4.2.3.67	29488	1
4.2.3.67	29492	1
4.2.3.68	29496	1
4.2.3.69	29500	1
4.2.3.70	29504	1
4.2.3.71	25445	1
4.2.3.72	29508	1
4.2.3.73	29512	1
4.2.3.74	27955	1
4.2.3.75	12017	1
4.2.3.76	30424	1
4.2.3.77	30428	1
4.2.3.78	30380	1
4.2.3.79	30376	1
4.2.3.80	31440	1
4.2.3.81	31428	1
4.2.3.82	31436	1
4.2.3.83	31432	1
4.2.3.84	30948	1
4.2.3.85	30952	1
4.2.3.86	30384	1
4.2.3.87	31808	1
4.2.3.88	31812	1
4.2.3.89	31816	1
4.2.3.90	31820	1
4.2.3.91	31824	1
4.2.3.92	31828	1
4.2.3.93	31832	1
4.2.3.94	32032	1
4.2.3.95	32028	1
4.2.3.96	32024	1
4.2.3.97	32016	1
4.2.3.98	32012	1
4.2.3.99	32152	1
4.2.3.100	32000	1
4.2.3.101	31996	1
4.2.3.102	31992	1
4.2.3.103	25760	1
4.2.3.104	31896	1
4.2.3.105	32688	1
4.2.3.106	32692	1
4.2.3.107	32540	1
4.2.3.108	32544	1
4.2.3.109	25509	1
4.2.3.110	32548	1
4.2.3.111	32552	1
4.2.3.112	32556	1
4.2.3.113	25501	1
4.2.3.114	32560	1
4.2.3.115	32564	1
4.2.3.116	32568	1
4.2.3.117	25485	1
4.2.3.118	32572	1
4.2.3.119	25489	1
4.2.3.120	25497	1
4.2.3.121	32576	1
4.2.3.122	32580	1
4.2.3.123	32700	1
4.2.3.124	33072	1
4.2.3.125	33104	1
4.2.3.126	33108	1
4.2.3.127	33112	1
4.2.3.128	32020	1
4.2.3.129	33120	1
4.2.3.130	33124	1
4.2.3.131	33984	1
4.2.3.132	33988	1
4.2.3.133	33992	1
4.2.3.134	34092	1
4.2.3.135	34696	1
4.2.3.136	34700	1
4.2.3.137	34704	1
4.2.3.138	34504	1
4.2.3.139	34468	1
4.2.3.140	34464	1
4.2.3.141	34460	1
4.2.3.142	35748	1
4.2.3.143	36064	1
4.2.3.144	38156	1
4.2.99.12	12337	1
4.2.99.20	25598	1
4.2.99.21	27875	1
4.2.99.22	36072	1
4.3.1.1	16602	1
4.3.1.2	12830	1
4.3.1.3	21233	1
4.3.1.4	22737	1
4.3.1.6	12417	1
4.3.1.7	15314	1
4.3.1.9	12489	1
4.3.1.10	15606	1
4.3.1.12	24369	1
4.3.1.13	15446	1
4.3.1.14	10057	1
4.3.1.15	22085	1
4.3.1.16	12425	1
4.3.1.17	40672	1
4.3.1.17	40668	1
4.3.1.17	40664	1
4.3.1.17	19170	1
4.3.1.18	13978	1
4.3.1.19	40676	1
4.3.1.19	39968	1
4.3.1.19	22109	1
4.3.1.19	39976	1
4.3.1.20	19758	1
4.3.1.22	24761	1
4.3.1.23	24907	1
4.3.1.24	21385	1
4.3.1.25	24907	1
4.3.1.25	21385	1
4.3.1.27	27943	1
4.3.1.28	34304	1
4.3.1.29	38304	1
4.3.1.30	39648	1
4.3.2.1	24021	1
4.3.2.2	16854	1
4.3.2.2	23921	1
4.3.2.3	11305	1
4.3.2.6	33996	1
4.3.3.1	22769	1
4.3.3.2	15014	1
4.3.3.3	21757	1
4.3.3.4	12297	1
4.3.3.5	27398	1
4.3.3.6	26406	1
4.3.3.6	15890	1
4.3.3.6	31508	1
4.3.3.7	34172	1
4.3.99.3	27975	1
4.3.99.4	35096	1
4.4.1.1	14006	1
4.4.1.1	24743	1
4.4.1.1	24932	1
4.4.1.1	24928	1
4.4.1.1	24924	1
4.4.1.1	24920	1
4.4.1.1	24911	1
4.4.1.2	14502	1
4.4.1.3	19966	1
4.4.1.5	19070	1
4.4.1.6	22425	1
4.4.1.8	13966	1
4.4.1.9	17822	1
4.4.1.10	20917	1
4.4.1.11	24747	1
4.4.1.11	23801	1
4.4.1.11	24743	1
4.4.1.13	18122	1
4.4.1.14	21745	1
4.4.1.15	11269	1
4.4.1.16	11633	1
4.4.1.19	22785	1
4.4.1.20	17618	1
4.4.1.21	17754	1
4.4.1.22	22489	1
4.4.1.23	20905	1
4.4.1.23	19422	1
4.4.1.24	21429	1
4.4.1.25	13442	1
4.4.1.26	34124	1
4.4.1.27	38144	1
4.4.1.27	38152	1
4.4.1.27	38148	1
4.5.1.1	19218	1
4.5.1.2	18874	1
4.5.1.3	15398	1
4.5.1.4	11621	1
4.5.1.5	22869	1
4.6.1.1	15390	1
4.6.1.2	13666	1
4.6.1.6	14738	1
4.6.1.12	23865	1
4.6.1.13	17094	1
4.6.1.14	14334	1
4.6.1.15	13730	1
4.7.1.1	34708	1
4.99.1.1	22585	1
4.99.1.3	15894	1
4.99.1.3	26270	1
4.99.1.6	23157	1
4.99.1.7	20070	1
5.1.1.1	20250	1
5.1.1.2	12493	1
5.1.1.3	12814	1
5.1.1.4	10681	1
5.1.1.5	22865	1
5.1.1.6	13914	1
5.1.1.7	15394	1
5.1.1.8	21153	1
5.1.1.9	18070	1
5.1.1.10	18318	1
5.1.1.11	20202	1
5.1.1.12	11585	1
5.1.1.13	14974	1
5.1.1.14	22793	1
5.1.1.15	14814	1
5.1.1.17	20034	1
5.1.1.18	10981	1
5.1.1.19	36708	1
5.1.2.1	10961	1
5.1.2.2	13946	1
5.1.2.3	21761	1
5.1.2.4	12093	1
5.1.2.5	22213	1
5.1.2.6	10821	1
5.1.3.1	13678	1
5.1.3.2	22169	1
5.1.3.3	10265	1
5.1.3.4	22369	1
5.1.3.5	11321	1
5.1.3.6	11405	1
5.1.3.7	20518	1
5.1.3.8	19034	1
5.1.3.9	23933	1
5.1.3.9	25258	1
5.1.3.10	21657	1
5.1.3.11	23385	1
5.1.3.12	14678	1
5.1.3.13	16970	1
5.1.3.14	17214	1
5.1.3.15	16250	1
5.1.3.16	23493	1
5.1.3.17	20198	1
5.1.3.18	11145	1
5.1.3.20	17578	1
5.1.3.21	21229	1
5.1.3.22	18498	1
5.1.3.23	24765	1
5.1.3.24	25234	1
5.1.3.25	34452	1
5.1.3.26	34104	1
5.1.3.27	36972	1
5.1.3.28	30840	1
5.1.99.1	20554	1
5.1.99.3	10805	1
5.1.99.4	12658	1
5.1.99.6	32216	1
5.1.99.6	32228	1
5.2.1.1	13170	1
5.2.1.2	14818	1
5.2.1.4	17394	1
5.2.1.5	17382	1
5.2.1.6	21849	1
5.2.1.9	13402	1
5.2.1.10	10925	1
5.2.1.12	30968	1
5.2.1.13	30972	1
5.2.1.14	34456	1
5.3.1.1	18586	1
5.3.1.3	13850	1
5.3.1.4	14822	1
5.3.1.5	22817	1
5.3.1.5	28547	1
5.3.1.6	14658	1
5.3.1.7	22605	1
5.3.1.8	12357	1
5.3.1.9	11817	1
5.3.1.12	13050	1
5.3.1.13	23105	1
5.3.1.14	23161	1
5.3.1.15	14202	1
5.3.1.16	15470	1
5.3.1.17	23897	1
5.3.1.20	20797	1
5.3.1.21	17862	1
5.3.1.22	11953	1
5.3.1.23	19990	1
5.3.1.24	21541	1
5.3.1.25	17234	1
5.3.1.26	13034	1
5.3.1.27	25901	1
5.3.1.28	27490	1
5.3.1.29	32244	1
5.3.1.30	25841	1
5.3.2.1	17098	1
5.3.2.2	16022	1
5.3.2.3	31836	1
5.3.2.4	31840	1
5.3.2.5	18770	1
5.3.2.6	33432	1
5.3.2.7	22569	1
5.3.2.8	28932	1
5.3.3.1	32188	1
5.3.3.2	23285	1
5.3.3.3	10573	1
5.3.3.4	12349	1
5.3.3.5	15282	1
5.3.3.6	23481	1
5.3.3.7	17266	1
5.3.3.8	23717	1
5.3.3.9	10461	1
5.3.3.10	18814	1
5.3.3.11	21517	1
5.3.3.12	13042	1
5.3.3.13	14890	1
5.3.3.17	28183	1
5.3.3.18	31844	1
5.3.99.2	10601	1
5.3.99.3	12894	1
5.3.99.4	23581	1
5.3.99.5	17138	1
5.3.99.6	22593	1
5.3.99.7	21605	1
5.3.99.8	17374	1
5.3.99.8	21753	1
5.3.99.9	10129	1
5.3.99.10	31460	1
5.3.99.11	25777	1
5.4.1.1	24357	1
5.4.1.3	38268	1
5.4.2.2	23537	1
5.4.2.3	23805	1
5.4.2.4	17766	1
5.4.2.5	23537	1
5.4.2.6	20114	1
5.4.2.7	27659	1
5.4.2.7	18794	1
5.4.2.8	11141	1
5.4.2.9	17014	1
5.4.2.10	23425	1
5.4.2.11	15902	1
5.4.2.12	15902	1
5.4.3.2	19178	1
5.4.3.3	21737	1
5.4.3.4	18242	1
5.4.3.5	14894	1
5.4.3.6	15782	1
5.4.3.7	10285	1
5.4.3.8	14266	1
5.4.3.9	34240	1
5.4.3.10	34396	1
5.4.3.11	34528	1
5.4.4.1	19246	1
5.4.4.2	18986	1
5.4.4.3	20578	1
5.4.4.4	30716	1
5.4.4.5	31580	1
5.4.4.6	25400	1
5.4.99.1	12858	1
5.4.99.2	22889	1
5.4.99.3	25405	1
5.4.99.3	16362	1
5.4.99.4	13794	1
5.4.99.5	13898	1
5.4.99.7	14622	1
5.4.99.8	21309	1
5.4.99.9	24133	1
5.4.99.11	24033	1
5.4.99.13	13142	1
5.4.99.14	19238	1
5.4.99.16	15146	1
5.4.99.17	17638	1
5.4.99.18	13194	1
5.4.99.30	28351	1
5.4.99.31	26161	1
5.4.99.32	30988	1
5.4.99.33	31000	1
5.4.99.34	31004	1
5.4.99.35	30432	1
5.4.99.36	30452	1
5.4.99.37	31024	1
5.4.99.38	31012	1
5.4.99.39	31008	1
5.4.99.40	31388	1
5.4.99.41	31384	1
5.4.99.46	31848	1
5.4.99.47	31852	1
5.4.99.48	31856	1
5.4.99.49	31860	1
5.4.99.50	31864	1
5.4.99.51	31868	1
5.4.99.52	31872	1
5.4.99.53	31876	1
5.4.99.54	31880	1
5.4.99.55	31884	1
5.4.99.56	31888	1
5.4.99.57	31988	1
5.4.99.58	32760	1
5.4.99.59	36816	1
5.4.99.60	16210	1
5.4.99.61	22513	1
5.5.1.1	10641	1
5.5.1.2	23657	1
5.5.1.3	18098	1
5.5.1.4	10717	1
5.5.1.5	14978	1
5.5.1.7	11033	1
5.5.1.8	18210	1
5.5.1.9	22801	1
5.5.1.10	16694	1
5.5.1.11	17438	1
5.5.1.12	24317	1
5.5.1.13	14842	1
5.5.1.14	25525	1
5.5.1.15	25614	1
5.5.1.16	25622	1
5.5.1.17	28283	1
5.5.1.19	32240	1
5.5.1.19	32220	1
5.5.1.20	31684	1
5.5.1.22	32708	1
5.5.1.23	37880	1
5.5.1.24	37988	1
5.5.1.24	37984	1
5.5.1.24	38024	1
5.5.1.24	38016	1
5.99.1.1	10005	1
5.99.1.4	27402	1
6.1.1.1	10221	1
6.1.1.2	24081	1
6.1.1.3	24625	1
6.1.1.4	11689	1
6.1.1.5	11061	1
6.1.1.7	12541	1
6.1.1.9	10705	1
6.1.1.10	13482	1
6.1.1.11	12293	1
6.1.1.12	19650	1
6.1.1.14	16014	1
6.1.1.15	14306	1
6.1.1.17	23541	1
6.1.1.18	20122	1
6.1.1.19	20302	1
6.1.1.20	19414	1
6.1.1.21	17314	1
6.1.1.22	11181	1
6.1.1.24	18398	1
6.1.2.1	37348	1
6.2.1.1	23177	1
6.2.1.2	24337	1
6.2.1.4	22121	1
6.2.1.5	17662	1
6.2.1.6	14170	1
6.2.1.7	22977	1
6.2.1.7	23533	1
6.2.1.8	18294	1
6.2.1.9	26194	1
6.2.1.9	17422	1
6.2.1.10	10969	1
6.2.1.11	19682	1
6.2.1.12	19642	1
6.2.1.13	15082	1
6.2.1.14	14782	1
6.2.1.15	19714	1
6.2.1.16	16118	1
6.2.1.17	20374	1
6.2.1.18	21473	1
6.2.1.24	21381	1
6.2.1.25	10133	1
6.2.1.26	17010	1
6.2.1.27	23117	1
6.2.1.28	21777	1
6.2.1.30	20957	1
6.2.1.31	19270	1
6.2.1.32	10829	1
6.2.1.33	23221	1
6.2.1.36	26535	1
6.2.1.37	25071	1
6.2.1.38	33420	1
6.2.1.40	23129	1
6.3.1.1	11373	1
6.3.1.2	16170	1
6.3.1.4	14198	1
6.3.1.5	21189	1
6.3.1.6	20526	1
6.3.1.7	13854	1
6.3.1.8	21273	1
6.3.1.9	21533	1
6.3.1.10	12573	1
6.3.1.10	21897	1
6.3.1.11	13634	1
6.3.1.13	26177	1
6.3.1.15	36700	1
6.3.1.17	40044	1
6.3.2.1	10913	1
6.3.2.2	13286	1
6.3.2.3	13558	1
6.3.2.4	11225	1
6.3.2.5	25157	1
6.3.2.5	19398	1
6.3.2.6	22629	1
6.3.2.7	17970	1
6.3.2.8	23373	1
6.3.2.9	16430	1
6.3.2.10	16086	1
6.3.2.11	19298	1
6.3.2.12	23585	1
6.3.2.13	23677	1
6.3.2.14	30572	1
6.3.2.20	14858	1
6.3.2.23	17994	1
6.3.2.24	15346	1
6.3.2.26	23197	1
6.3.2.31	30556	1
6.3.2.33	30568	1
6.3.2.34	30524	1
6.3.2.35	27707	1
6.3.2.36	27931	1
6.3.2.37	25274	1
6.3.2.38	32164	1
6.3.2.39	32168	1
6.3.2.40	35092	1
6.3.2.41	40036	1
6.3.2.42	40040	1
6.3.3.1	23033	1
6.3.3.2	10489	1
6.3.3.3	15806	1
6.3.3.4	23621	1
6.3.3.5	36712	1
6.3.3.6	36704	1
6.3.4.2	26427	1
6.3.4.2	16598	1
6.3.4.2	15890	1
6.3.4.3	20222	1
6.3.4.4	15754	1
6.3.4.5	10933	1
6.3.4.6	20897	1
6.3.4.7	13778	1
6.3.4.8	16486	1
6.3.4.12	17118	1
6.3.4.13	17454	1
6.3.4.16	10625	1
6.3.4.17	24329	1
6.3.4.18	19318	1
6.3.4.20	27983	1
6.3.4.21	36164	1
6.3.4.23	24837	1
6.3.5.1	24385	1
6.3.5.2	15890	1
6.3.5.2	11681	1
6.3.5.2	18302	1
6.3.5.3	17130	1
6.3.5.4	15890	1
6.3.5.4	12229	1
6.3.5.4	11373	1
6.3.5.5	18634	1
6.3.5.5	18030	1
6.3.5.5	15890	1
6.3.5.6	14514	1
6.3.5.7	17522	1
6.3.5.9	12545	1
6.3.5.10	23257	1
6.3.5.11	26290	1
6.3.5.11	34552	1
6.3.5.11	34548	1
6.4.1.1	20845	1
6.4.1.2	11309	1
6.4.1.3	23721	1
6.4.1.4	13590	1
6.4.1.5	17702	1
6.4.1.6	18386	1
6.4.1.7	20426	1
6.4.1.8	28648	1
6.6.1.1	13962	1
6.6.1.2	15342	1
